sku,title,price,availability,category,subcategory,Είδος,image
BU011900,Διόραμα Ariel,"4,30€",Άμεσα διαθέσιμο,Ήρωες,DISNEY PRINCESS,Διόραμα,http://bullyshop.gr/sites/bullyshop.gr/files/images/products/bu011900.jpg
BU011901,Διόραμα Πεντάμορφη,"4,06€",Άμεσα διαθέσιμο,Ήρωες,DISNEY PRINCESS,Διόραμα,http://bullyshop.gr/sites/bullyshop.gr/files/images/products/bu011901.jpg
BU011902,Διόραμα Rapunzel,"4,06€",Άμεσα διαθέσιμο,Ήρωες,DISNEY PRINCESS,Διόραμα,http://bullyshop.gr/sites/bullyshop.gr/files/images/products/bu011902.jpg
BU011903,Διόραμα Χιονάτη,"4,06€",Άμεσα διαθέσιμο,Ήρωες,DISNEY PRINCESS,Διόραμα,http://bullyshop.gr/sites/bullyshop.gr/files/images/products/bu011903.jpg
BU011904,Διόραμα Σταχτοπούτα,"4,06€",Άμεσα διαθέσιμο,Ήρωες,DISNEY PRINCESS,Διόραμα,http://bullyshop.gr/sites/bullyshop.gr/files/images/products/bu011904.jpg
BU011905,Διόραμα Ωραία κοιμωμένη,"4,30€",Άμεσα διαθέσιμο,Ήρωες,DISNEY PRINCESS,Διόραμα,http://bullyshop.gr/sites/bullyshop.gr/files/images/products/bu011905.jpg
BU011970,Σακουλάκι Disney Princess,"1,62€",Άμεσα διαθέσιμο,Ήρωες,DISNEY PRINCESS,Μινιατούρες,http://bullyshop.gr/sites/bullyshop.gr/files/images/products/bu011970.jpg
BU011971,Σακουλάκι Disney Princess - Σειρά 2,"1,62€",Άμεσα διαθέσιμο,Ήρωες,DISNEY PRINCESS,Μινιατούρες,http://bullyshop.gr/sites/bullyshop.gr/files/images/products/bu011971.jpg
BU011972,Σακουλάκι Disney Princess - Σειρά 3,"1,62€",Άμεσα διαθέσιμο,Ήρωες,DISNEY PRINCESS,Μινιατούρες,http://bullyshop.gr/sites/bullyshop.gr/files/images/products/bu011972.jpg
BU012085,Σετ δώρου Winnie The Pooh,"12,19€",,Δώρα,"Σετ δώρου, WINNIE THE POOH",Σετ,http://bullyshop.gr/sites/bullyshop.gr/files/images/products/bu012085.jpg
BU012102,Κουμπαράς πλαστικός Jake,"22,76€",Άμεσα διαθέσιμο,Δώρα,"JAKE & PIRATES, Κουμπαράδες",Μινιατούρες,http://bullyshop.gr/sites/bullyshop.gr/files/images/products/bu012102.jpg
BU012103,Σετ δώρου μπλίστερ Χιονάτη με 7 Νάνους,"28,45€",,Δώρα,"Σετ δώρου, DISNEY PRINCESS",Σετ,http://bullyshop.gr/sites/bullyshop.gr/files/images/products/bu012103.jpg
BU012104,"Κουμπαράς ""Olaf"" Frozen","22,76€",Άμεσα διαθέσιμο,Δώρα,"FROZEN, Κουμπαράδες",Μινιατούρες,http://bullyshop.gr/sites/bullyshop.gr/files/images/products/bu012104.jpg
BU012147,Σετ δώρου Cars Lighting MC Queen & Sally,"12,19€",,Δώρα,"Σετ δώρου, CARS",Σετ,http://bullyshop.gr/sites/bullyshop.gr/files/images/products/bu012147.jpg
BU012187,Κουμπαράς Cars 2 Mater,"28,45€",,Δώρα,"Κουμπαράδες, CARS",Μινιατούρες,http://bullyshop.gr/sites/bullyshop.gr/files/images/products/bu012187.jpg
BU012188,Κουμπαράς Cars 2 Finn Mac Missile,"22,76€",,Δώρα,"Κουμπαράδες, CARS 2",Μινιατούρες,http://bullyshop.gr/sites/bullyshop.gr/files/images/products/bu012188.jpg
BU012189,Κουμπαράς cars 2 Fillmore,"28,45€",,Δώρα,"Κουμπαράδες, CARS 2",Μινιατούρες,http://bullyshop.gr/sites/bullyshop.gr/files/images/products/bu012189.jpg
BU012217,Κουμπαράς Mermaid,"22,76€",,Δώρα,"Κουμπαράδες, DISNEY PRINCESS",Μινιατούρες,http://bullyshop.gr/sites/bullyshop.gr/files/images/products/bu012217.jpg
BU012220,"Σετ δώρου ""Frozen"" 5τεμ","24,38€",Άμεσα διαθέσιμο,Ήρωες,"FROZEN, Σετ δώρου",,http://bullyshop.gr/sites/bullyshop.gr/files/images/products/bu012220.jpg
BU012222,Κουμπαράς Winnie the Pooh & Φίλοι,"28,45€",,Δώρα,"Κουμπαράδες, WINNIE THE POOH",Μινιατούρες,http://bullyshop.gr/sites/bullyshop.gr/files/images/products/bu012222.jpg
BU012223,Κουμπαράς Piglet,"16,25€",,Δώρα,"Κουμπαράδες, WINNIE THE POOH",Μινιατούρες,http://bullyshop.gr/sites/bullyshop.gr/files/images/products/bu012223.jpg
BU012224,Κουμπαράς Eeyore (Winnie),"18,69€",,Δώρα,"Κουμπαράδες, WINNIE THE POOH",Μινιατούρες,http://bullyshop.gr/sites/bullyshop.gr/files/images/products/bu012224.jpg
BU012227,Κουμπαράς Winnie δένδρο (22 εκ.),"28,45€",,Δώρα,"Κουμπαράδες, WINNIE THE POOH",Μινιατούρες,http://bullyshop.gr/sites/bullyshop.gr/files/images/products/bu012227.jpg
BU012228,Κουμπαράς Winnie Hunny καθιστός (20 εκ.),"18,69€",,Δώρα,"Κουμπαράδες, WINNIE THE POOH",Μινιατούρες,http://bullyshop.gr/sites/bullyshop.gr/files/images/products/bu012228.jpg
BU012230,Κουμπαράς Cars Mac Queen,"22,76€",,Δώρα,"Κουμπαράδες, CARS",Μινιατούρες,http://bullyshop.gr/sites/bullyshop.gr/files/images/products/bu012230.jpg
BU012231,Κουμπαράς Μαστοράκος,"16,25€",,Δώρα,"Κουμπαράδες, HANDYMAN",Μινιατούρες,http://bullyshop.gr/sites/bullyshop.gr/files/images/products/bu012231.jpg
BU012232,Κουμπαράς Σταχτοπούτα,"22,76€",,Δώρα,"Κουμπαράδες, DISNEY PRINCESS",Μινιατούρες,http://bullyshop.gr/sites/bullyshop.gr/files/images/products/bu012232.jpg
BU012248,Κουμπαράς Χιονάτη με 7 Νάνους,"28,45€",,Δώρα,"Κουμπαράδες, DISNEY PRINCESS",Μινιατούρες,http://bullyshop.gr/sites/bullyshop.gr/files/images/products/bu012248.jpg
BU012249,Κουμπαράς Nemo,"18,69€",,Δώρα,"Κουμπαράδες, NEMO",Μινιατούρες,http://bullyshop.gr/sites/bullyshop.gr/files/images/products/bu012249.jpg
BU012253,Lion King,"5,20€",,Ήρωες,LION KING,Μινιατούρες,http://bullyshop.gr/sites/bullyshop.gr/files/images/products/bu012253.jpg
BU012254,Simba - Lion King,"5,20€",,Ήρωες,LION KING,Μινιατούρες,http://bullyshop.gr/sites/bullyshop.gr/files/images/products/bu012254.jpg
BU012256,Μινιατούρα Rafiki με Simba,"5,85€",Άμεσα διαθέσιμο,Ήρωες,LION KING,Μινιατούρες,http://bullyshop.gr/sites/bullyshop.gr/files/images/products/bu012256.jpg
BU012310,Μινιατούρα Ariel,"5,85€",Άμεσα διαθέσιμο,Ήρωες,DISNEY PRINCESS,Μινιατούρες,http://bullyshop.gr/sites/bullyshop.gr/files/images/products/bu012310.jpg
BU012311,Μινιατούρα Ariel princess,"6,50€",Άμεσα διαθέσιμο,Ήρωες,DISNEY PRINCESS,Μινιατούρες,http://bullyshop.gr/sites/bullyshop.gr/files/images/products/bu012311.jpg
BU012323,Μινιατούρα Kanga με Roo,"5,20€",Άμεσα διαθέσιμο,Ήρωες,WINNIE THE POOH,Μινιατούρες,http://bullyshop.gr/sites/bullyshop.gr/files/images/products/bu012323.jpg
BU012325,Μινιατούρα Owl με βιβλίο,"5,20€",Άμεσα διαθέσιμο,Ήρωες,WINNIE THE POOH,Μινιατούρες,http://bullyshop.gr/sites/bullyshop.gr/files/images/products/bu012325.jpg
BU012327,Μινιατούρα Winnie με κασκόλ,"5,20€",Άμεσα διαθέσιμο,Ήρωες,WINNIE THE POOH,Μινιατούρες,http://bullyshop.gr/sites/bullyshop.gr/files/images/products/bu012327.jpg
BU012328,Μινιατούρα Winnie με λαγουδάκι,"5,20€",Άμεσα διαθέσιμο,Ήρωες,WINNIE THE POOH,Μινιατούρες,http://bullyshop.gr/sites/bullyshop.gr/files/images/products/bu012328.jpg
BU012329,Μινιατούρα Wnnie με πεταλούδα,"5,20€",Άμεσα διαθέσιμο,Ήρωες,WINNIE THE POOH,Μινιατούρες,http://bullyshop.gr/sites/bullyshop.gr/files/images/products/bu012329.jpg
BU012340,Winnie with Honey,"5,20€",,Ήρωες,WINNIE THE POOH,Μινιατούρες,http://bullyshop.gr/sites/bullyshop.gr/files/images/products/bu012340.jpg
BU012342,Winnie Flowers,"5,20€",,Ήρωες,WINNIE THE POOH,Μινιατούρες,http://bullyshop.gr/sites/bullyshop.gr/files/images/products/bu012342.jpg
BU012343,Eeyore new,"5,20€",,Ήρωες,WINNIE THE POOH,Μινιατούρες,http://bullyshop.gr/sites/bullyshop.gr/files/images/products/bu012343.jpg
BU012344,Piglet new,"5,20€",,Ήρωες,WINNIE THE POOH,Μινιατούρες,http://bullyshop.gr/sites/bullyshop.gr/files/images/products/bu012344.jpg
BU012345,Tigger new,"5,20€",,Ήρωες,WINNIE THE POOH,Μινιατούρες,http://bullyshop.gr/sites/bullyshop.gr/files/images/products/bu012345.jpg
BU012351,Χρυσόψαρο Flounder (Disney Μικρή Γοργόνα),"5,20€",,Ήρωες,DISNEY PRINCESS,Μινιατούρες,http://bullyshop.gr/sites/bullyshop.gr/files/images/products/bu012351.jpg
BU012352,Κάβουρας Sebastian (Disney Μικρή Γοργόνα),"5,20€",,Ήρωες,DISNEY PRINCESS,Μινιατούρες,http://bullyshop.gr/sites/bullyshop.gr/files/images/products/bu012352.jpg
BU012354,Triton (Disney Μικρή Γοργόνα),"5,20€",,Ήρωες,DISNEY PRINCESS,Μινιατούρες,http://bullyshop.gr/sites/bullyshop.gr/files/images/products/bu012354.jpg
BU012356,Eric (Disney Μικρή Γοργόνα),"5,20€",,Ήρωες,DISNEY PRINCESS,Μινιατούρες,http://bullyshop.gr/sites/bullyshop.gr/files/images/products/bu012356.jpg
BU012357,Ursula (Disney Μικρή Γοργόνα),"5,85€",,Ήρωες,DISNEY PRINCESS,Μινιατούρες,http://bullyshop.gr/sites/bullyshop.gr/files/images/products/bu012357.jpg
BU012358,Ariel Πριγκήπισσα (Disney Μικρή Γοργόνα),"5,20€",,Ήρωες,DISNEY PRINCESS,Μινιατούρες,http://bullyshop.gr/sites/bullyshop.gr/files/images/products/bu012358.jpg
BU012359,Καλή Νεράιδα (Σταχτοπούτα),"5,20€",,Ήρωες,DISNEY PRINCESS,Μινιατούρες,http://bullyshop.gr/sites/bullyshop.gr/files/images/products/bu012359.jpg
BU012362,Σταχτοπούτα καθιστή,"5,20€",,Ήρωες,DISNEY PRINCESS,Μινιατούρες,http://bullyshop.gr/sites/bullyshop.gr/files/images/products/bu012362.jpg
BU012376,(Jungle Book) Tίγρης Shirkan,"5,20€",,Ήρωες,JUNGLE,Μινιατούρες,http://bullyshop.gr/sites/bullyshop.gr/files/images/products/bu012376.jpg
BU012377,(Jungle Book) Baghira,"5,20€",,Ήρωες,JUNGLE,Μινιατούρες,http://bullyshop.gr/sites/bullyshop.gr/files/images/products/bu012377.jpg
BU012378,(Jungle Book) Shanti,"5,20€",,Ήρωες,JUNGLE,Μινιατούρες,http://bullyshop.gr/sites/bullyshop.gr/files/images/products/bu012378.jpg
BU012379,(Jungle Book) Φίδι Καα,"5,20€",,Ήρωες,JUNGLE,Μινιατούρες,http://bullyshop.gr/sites/bullyshop.gr/files/images/products/bu012379.jpg
BU012380,(Jungle Book) Mogly,"5,20€",,Ήρωες,JUNGLE,Μινιατούρες,http://bullyshop.gr/sites/bullyshop.gr/files/images/products/bu012380.jpg
BU012381,(Jungle Book) Baloo,"5,20€",,Ήρωες,JUNGLE,Μινιατούρες,http://bullyshop.gr/sites/bullyshop.gr/files/images/products/bu012381.jpg
BU012383,(Jungle Book) King Louie,"5,20€",,Ήρωες,JUNGLE,Μινιατούρες,http://bullyshop.gr/sites/bullyshop.gr/files/images/products/bu012383.jpg
BU012393,Tinkerbell,"5,20€",,Ήρωες,DISNEY FAIRIES,Μινιατούρες,http://bullyshop.gr/sites/bullyshop.gr/files/images/products/bu012393.jpg
BU012394,Tinkerbell με πυγολαμπίδα,"5,20€",,Ήρωες,DISNEY FAIRIES,Μινιατούρες,http://bullyshop.gr/sites/bullyshop.gr/files/images/products/bu012394.jpg
BU012397,Γρύλος Jiminy Cricket,"5,20€",,Ήρωες,PINOCCHIO,Μινιατούρες,http://bullyshop.gr/sites/bullyshop.gr/files/images/products/bu012397.jpg
BU012398,Gepetto,"5,85€",,Ήρωες,PINOCCHIO,Μινιατούρες,http://bullyshop.gr/sites/bullyshop.gr/files/images/products/bu012398.jpg
BU012399,Πινόκιο,"5,85€",,Ήρωες,PINOCCHIO,Μινιατούρες,http://bullyshop.gr/sites/bullyshop.gr/files/images/products/bu012399.jpg
BU012417,Φλυν,"5,85€",,Ήρωες,RAPUNZEL,Μινιατούρες,http://bullyshop.gr/sites/bullyshop.gr/files/images/products/bu012417.jpg
BU012418,Ραπουνζέλ με χτένα,"6,50€",,Ήρωες,RAPUNZEL,Μινιατούρες,http://bullyshop.gr/sites/bullyshop.gr/files/images/products/bu012418.jpg
BU012419,Ραπουνζέλ με χαμαιλέοντα,"6,50€",,Ήρωες,RAPUNZEL,Μινιατούρες,http://bullyshop.gr/sites/bullyshop.gr/files/images/products/bu012419.jpg
BU012420,Bambi ελαφάκι,"5,20€",,Ήρωες,BAMBI,Μινιατούρες,http://bullyshop.gr/sites/bullyshop.gr/files/images/products/bu012420.jpg
BU012421,Λαγός Thumper,"5,20€",,Ήρωες,BAMBI,Μινιατούρες,http://bullyshop.gr/sites/bullyshop.gr/files/images/products/bu012421.jpg
BU012422,Pascal,"5,20€",,Ήρωες,RAPUNZEL,Μινιατούρες,http://bullyshop.gr/sites/bullyshop.gr/files/images/products/bu012422.jpg
BU012423,Maximus,"8,12€",,Ήρωες,RAPUNZEL,Μινιατούρες,http://bullyshop.gr/sites/bullyshop.gr/files/images/products/bu012423.jpg
BU012424,Ραπουνζέλ με λουλούδια,"6,50€",,Ήρωες,RAPUNZEL,Μινιατούρες,http://bullyshop.gr/sites/bullyshop.gr/files/images/products/bu012424.jpg
BU012425,Μινιατούρα Gothel Rapunzel,"5,85€",Άμεσα διαθέσιμο,Ήρωες,RAPUNZEL,Μινιατούρες,http://bullyshop.gr/sites/bullyshop.gr/files/images/products/bu012425.jpg
BU012445,Λαίδη,"5,20€",,Ήρωες,DISNEY PRINCESS,Μινιατούρες,http://bullyshop.gr/sites/bullyshop.gr/files/images/products/bu012445.jpg
BU012446,Αλήτης,"5,20€",,Ήρωες,DISNEY PRINCESS,Μινιατούρες,http://bullyshop.gr/sites/bullyshop.gr/files/images/products/bu012446.jpg
BU012453,Jasmine,"5,20€",,Ήρωες,DISNEY PRINCESS,Μινιατούρες,http://bullyshop.gr/sites/bullyshop.gr/files/images/products/bu012453.jpg
BU012454,Αλαντίν 10εκ,"5,20€",,Ήρωες,DISNEY PRINCESS,Μινιατούρες,http://bullyshop.gr/sites/bullyshop.gr/files/images/products/bu012454.jpg
BU012463,Τέρας,"8,12€",,Ήρωες,DISNEY PRINCESS,Μινιατούρες,http://bullyshop.gr/sites/bullyshop.gr/files/images/products/bu012463.jpg
BU012464,Πεντάμορφη,"5,85€",,Ήρωες,DISNEY PRINCESS,Μινιατούρες,http://bullyshop.gr/sites/bullyshop.gr/files/images/products/bu012464.jpg
BU012465,Πρίγκηπας Charming 10εκ.,"5,20€",,Ήρωες,DISNEY PRINCESS,Μινιατούρες,http://bullyshop.gr/sites/bullyshop.gr/files/images/products/bu012465.jpg
BU012472,Τζίνι,"5,20€",,Ήρωες,DISNEY PRINCESS,Μινιατούρες,http://bullyshop.gr/sites/bullyshop.gr/files/images/products/bu012472.jpg
BU012474,Madame Τσαγιερό,"5,20€",,Ήρωες,DISNEY PRINCESS,Μινιατούρες,http://bullyshop.gr/sites/bullyshop.gr/files/images/products/bu012474.jpg
BU012476,Νάνος με λάμπα,"5,20€",,Ήρωες,DISNEY PRINCESS,Μινιατούρες,http://bullyshop.gr/sites/bullyshop.gr/files/images/products/bu012476.jpg
BU012477,Νάνος νυσταγμένος,"5,20€",,Ήρωες,DISNEY PRINCESS,Μινιατούρες,http://bullyshop.gr/sites/bullyshop.gr/files/images/products/bu012477.jpg
BU012478,Νάνος γκρινιάρης,"5,20€",,Ήρωες,DISNEY PRINCESS,Μινιατούρες,http://bullyshop.gr/sites/bullyshop.gr/files/images/products/bu012478.jpg
BU012479,Νάνος χαρούμενος,"5,20€",,Ήρωες,DISNEY PRINCESS,Μινιατούρες,http://bullyshop.gr/sites/bullyshop.gr/files/images/products/bu012479.jpg
BU012480,Νάνος ντροπαλός,"5,20€",,Ήρωες,DISNEY PRINCESS,Μινιατούρες,http://bullyshop.gr/sites/bullyshop.gr/files/images/products/bu012480.jpg
BU012481,Νάνος που φτερνίζεται,"5,20€",,Ήρωες,DISNEY PRINCESS,Μινιατούρες,http://bullyshop.gr/sites/bullyshop.gr/files/images/products/bu012481.jpg
BU012482,Νάνος χαχανούλης,"5,20€",,Ήρωες,DISNEY PRINCESS,Μινιατούρες,http://bullyshop.gr/sites/bullyshop.gr/files/images/products/bu012482.jpg
BU012483,Χιονάτη,"5,20€",,Ήρωες,DISNEY PRINCESS,Μινιατούρες,http://bullyshop.gr/sites/bullyshop.gr/files/images/products/bu012483.jpg
BU012485,Κακιά Μάγισσα,"5,20€",,Ήρωες,DISNEY PRINCESS,Μινιατούρες,http://bullyshop.gr/sites/bullyshop.gr/files/images/products/bu012485.jpg
BU012489,Πρίγκηπας Σταχτοπούτας,"5,20€",,Ήρωες,DISNEY PRINCESS,Μινιατούρες,http://bullyshop.gr/sites/bullyshop.gr/files/images/products/bu012489.jpg
BU012490,Γουρουνάκι Φλογέρα,"5,20€",,Ήρωες,3 LITTLE PIGS,Μινιατούρες,http://bullyshop.gr/sites/bullyshop.gr/files/images/products/bu012490.jpg
BU012491,Γουρουνάκι Βιολί,"5,20€",,Ήρωες,3 LITTLE PIGS,Μινιατούρες,http://bullyshop.gr/sites/bullyshop.gr/files/images/products/bu012491.jpg
BU012492,Γουρουνάκι Μηχανικός,"5,20€",,Ήρωες,3 LITTLE PIGS,Μινιατούρες,http://bullyshop.gr/sites/bullyshop.gr/files/images/products/bu012492.jpg
BU012493,Κακός Λύκος,"5,20€",,Ήρωες,3 LITTLE PIGS,Μινιατούρες,http://bullyshop.gr/sites/bullyshop.gr/files/images/products/bu012493.jpg
BU012500,Πρίγκηπας Ωραίας Κοιμωμένης,"5,20€",,Ήρωες,DISNEY PRINCESS,Μινιατούρες,http://bullyshop.gr/sites/bullyshop.gr/files/images/products/bu012500.jpg
BU012501,Μινιατούρα Σταχτοπούτα,"5,85€",Άμεσα διαθέσιμο,Ήρωες,DISNEY PRINCESS,Μινιατούρες,http://bullyshop.gr/sites/bullyshop.gr/files/images/products/bu012501.jpg
BU012502,"Μινιατούρα karli+jacgues""σταχτοπούτας""","4,30€",Άμεσα διαθέσιμο,Ήρωες,DISNEY PRINCESS,Μινιατούρες,http://bullyshop.gr/sites/bullyshop.gr/files/images/products/bu012502.jpg
BU012512,Κρουέλλα - 101 Σκυλιά Δαλματίας,"5,85€",,Ήρωες,DALMATIA,Μινιατούρες,http://bullyshop.gr/sites/bullyshop.gr/files/images/products/bu012512.jpg
BU012513,Σκύλος Δαλματίας Pongo,"5,20€",,Ήρωες,DALMATIA,Μινιατούρες,http://bullyshop.gr/sites/bullyshop.gr/files/images/products/bu012513.jpg
BU012514,Σκύλος Δαλματίας Perdita,"5,20€",,Ήρωες,DALMATIA,Μινιατούρες,http://bullyshop.gr/sites/bullyshop.gr/files/images/products/bu012514.jpg
BU012521,"Μινιατούρα rolly ""101 Dalmatias""","5,20€",Άμεσα διαθέσιμο,Ήρωες,DALMATIA,Μινιατούρες,http://bullyshop.gr/sites/bullyshop.gr/files/images/products/bu012521.jpg
BU012522,"Μινιατούρα lucky""101 Dalmatias""","5,20€",Άμεσα διαθέσιμο,Ήρωες,DALMATIA,Μινιατούρες,http://bullyshop.gr/sites/bullyshop.gr/files/images/products/bu012522.jpg
BU012523,"Μινιατούρα Dipstick""101 Dalmatias""","5,20€",Άμεσα διαθέσιμο,Ήρωες,DALMATIA,Μινιατούρες,http://bullyshop.gr/sites/bullyshop.gr/files/images/products/bu012523.jpg
BU012533,Pumbaa - Lion King,"5,20€",,Ήρωες,LION KING,Μινιατούρες,http://bullyshop.gr/sites/bullyshop.gr/files/images/products/bu012533.jpg
BU012534,Timon - Lion King,"5,20€",,Ήρωες,LION KING,Μινιατούρες,http://bullyshop.gr/sites/bullyshop.gr/files/images/products/bu012534.jpg
BU012555,Κακιά Βασίλισσα,"5,20€",,Ήρωες,DISNEY PRINCESS,Μινιατούρες,http://bullyshop.gr/sites/bullyshop.gr/files/images/products/bu012555.jpg
BU012556,Κακιά Μάγισσα,"5,85€",,Ήρωες,DISNEY PRINCESS,Μινιατούρες,http://bullyshop.gr/sites/bullyshop.gr/files/images/products/bu012556.jpg
BU012557,Μινιατούρα κακιά μητριά σταχτοπούτας,"5,20€",Άμεσα διαθέσιμο,Ήρωες,DISNEY PRINCESS,Μινιατούρες,http://bullyshop.gr/sites/bullyshop.gr/files/images/products/bu012557.jpg
BU012563,Clock Cogsworth,"5,20€",,Ήρωες,DISNEY PRINCESS,Μινιατούρες,http://bullyshop.gr/sites/bullyshop.gr/files/images/products/bu012563.jpg
BU012582,Μινιατούρα Mike (Monsters University),"5,20€",Άμεσα διαθέσιμο,Ήρωες,MONSTERS,Μινιατούρες,http://bullyshop.gr/sites/bullyshop.gr/files/images/products/bu012582.jpg
BU012583,Μινιατούρα sulley (Monsters University),"5,20€",Άμεσα διαθέσιμο,Ήρωες,MONSTERS,Μινιατούρες,http://bullyshop.gr/sites/bullyshop.gr/files/images/products/bu012583.jpg
BU012610,Finding Nemo,"5,20€",,Ήρωες,NEMO,Μινιατούρες,http://bullyshop.gr/sites/bullyshop.gr/files/images/products/bu012610.jpg
BU012611,Dory - Finding Nemo,"5,20€",,Ήρωες,NEMO,Μινιατούρες,http://bullyshop.gr/sites/bullyshop.gr/files/images/products/bu012611.jpg
BU012612,Bruce - Finding Nemo,"5,20€",,Ήρωες,NEMO,Μινιατούρες,http://bullyshop.gr/sites/bullyshop.gr/files/images/products/bu012612.jpg
BU012618,Squirt - Finding Nemo,"5,20€",,Ήρωες,NEMO,Μινιατούρες,http://bullyshop.gr/sites/bullyshop.gr/files/images/products/bu012618.jpg
BU012650,Peter Pan,"5,20€",,Ήρωες,PETER PAN,Μινιατούρες,http://bullyshop.gr/sites/bullyshop.gr/files/images/products/bu012650.jpg
BU012651,Captain Hook - Peter Pan,"5,20€",,Ήρωες,PETER PAN,Μινιατούρες,http://bullyshop.gr/sites/bullyshop.gr/files/images/products/bu012651.jpg
BU012652,Wendy - Peter Pan,"5,20€",,Ήρωες,PETER PAN,Μινιατούρες,http://bullyshop.gr/sites/bullyshop.gr/files/images/products/bu012652.jpg
BU012683,Cars σιελ Sally,"5,20€",,Ήρωες,CARS,,http://bullyshop.gr/sites/bullyshop.gr/files/images/products/bu012683.jpg
BU012740,Πρίγκηπας Νaveen (Η Πριγκήπισσα και ο βάτραχος),"5,20€",,Ήρωες,"DISNEY PRINCESS, PRINCESS AND THE FROG",Μινιατούρες,http://bullyshop.gr/sites/bullyshop.gr/files/images/products/bu012740.jpg
BU012741,Πριγκήπισσα Τiana (Η Πριγκήπισσα και ο βάτραχος),"6,50€",,Ήρωες,PRINCESS AND THE FROG,Μινιατούρες,http://bullyshop.gr/sites/bullyshop.gr/files/images/products/bu012741.jpg
BU012742,Louis (Η Πριγκήπισσα και ο βάτραχος),"5,20€",,Ήρωες,PRINCESS AND THE FROG,Μινιατούρες,http://bullyshop.gr/sites/bullyshop.gr/files/images/products/bu012742.jpg
BU012743,Πριγκήπισσα Τiana με βάτραχο,"5,20€",,Ήρωες,PRINCESS AND THE FROG,Μινιατούρες,http://bullyshop.gr/sites/bullyshop.gr/files/images/products/bu012743.jpg
BU012752,Μαστοράκος με ξύλινη δοκό,"5,85€",,Ήρωες,HANDYMAN,Μινιατούρες,http://bullyshop.gr/sites/bullyshop.gr/files/images/products/bu012752.jpg
BU012753,Μαστοράκος με εργαλειοθήκη,"5,85€",,Ήρωες,HANDYMAN,Μινιατούρες,http://bullyshop.gr/sites/bullyshop.gr/files/images/products/bu012753.jpg
BU012760,Buzz Lightyear,"5,85€",,Ήρωες,TOYS,Μινιατούρες,http://bullyshop.gr/sites/bullyshop.gr/files/images/products/bu012760.jpg
BU012761,Woody,"5,20€",,Ήρωες,TOYS,Μινιατούρες,http://bullyshop.gr/sites/bullyshop.gr/files/images/products/bu012761.jpg
BU012762,Jessy,"5,20€",,Ήρωες,TOYS,Μινιατούρες,http://bullyshop.gr/sites/bullyshop.gr/files/images/products/bu012762.jpg
BU012763,Bullseye,"5,20€",,Ήρωες,TOYS,Μινιατούρες,http://bullyshop.gr/sites/bullyshop.gr/files/images/products/bu012763.jpg
BU012764,Rex,"5,20€",,Ήρωες,TOYS,Μινιατούρες,http://bullyshop.gr/sites/bullyshop.gr/files/images/products/bu012764.jpg
BU012765,Alien,"4,30€",,Ήρωες,TOYS,Μινιατούρες,http://bullyshop.gr/sites/bullyshop.gr/files/images/products/bu012765.jpg
BU012767,Mr.Prickles,"4,30€",,Ήρωες,TOYS,Μινιατούρες,http://bullyshop.gr/sites/bullyshop.gr/files/images/products/bu012767.jpg
BU012783,Cars 2 Francesco Bernoulli,"5,85€",,Ήρωες,CARS 2,Μινιατούρες,http://bullyshop.gr/sites/bullyshop.gr/files/images/products/bu012783.jpg
BU012784,Cars 2 Max Schnell,"5,85€",,Ήρωες,CARS 2,Μινιατούρες,http://bullyshop.gr/sites/bullyshop.gr/files/images/products/bu012784.jpg
BU012786,Cars 2 Mater,"5,85€",,Ήρωες,CARS 2,Μινιατούρες,http://bullyshop.gr/sites/bullyshop.gr/files/images/products/bu012786.jpg
BU012787,Cars 2 Finn Mac Missile,"5,85€",,Ήρωες,CARS 2,Μινιατούρες,http://bullyshop.gr/sites/bullyshop.gr/files/images/products/bu012787.jpg
BU012788,Cars 2 Holley Shiftwell,"5,85€",,Ήρωες,CARS 2,Μινιατούρες,http://bullyshop.gr/sites/bullyshop.gr/files/images/products/bu012788.jpg
BU012790,Cars 2 Lightning Mac Queen,"5,85€",,Ήρωες,CARS 2,Μινιατούρες,http://bullyshop.gr/sites/bullyshop.gr/files/images/products/bu012790.jpg
BU012791,Cars 2 Fillmore,"5,85€",,Ήρωες,CARS 2,Μινιατούρες,http://bullyshop.gr/sites/bullyshop.gr/files/images/products/bu012791.jpg
BU012792,Cars 2 Sarge,"5,85€",,Ήρωες,CARS 2,Μινιατούρες,http://bullyshop.gr/sites/bullyshop.gr/files/images/products/bu012792.jpg
BU012795,Cars 2 Mater,"5,85€",,Ήρωες,CARS 2,Μινιατούρες,http://bullyshop.gr/sites/bullyshop.gr/files/images/products/bu012795.jpg
BU012822,ΜΙιναιτούρα Merryweather,"5,20€",Άμεσα διαθέσιμο,Ήρωες,DISNEY PRINCESS,Μινιατούρες,http://bullyshop.gr/sites/bullyshop.gr/files/images/products/bu012822.jpg
BU012823,Μινιατούρα ωραία κοιμωμένη πριγκήπισσα,"5,20€",Άμεσα διαθέσιμο,Ήρωες,DISNEY PRINCESS,Μινιατούρες,http://bullyshop.gr/sites/bullyshop.gr/files/images/products/bu012823.jpg
BU012825,Merida (Brave),"5,20€",,Ήρωες,BRAVE,Μινιατούρες,http://bullyshop.gr/sites/bullyshop.gr/files/images/products/bu012825.jpg
BU012826,Τρίδυμα (Brave),"3,41€",,Ήρωες,BRAVE,Μινιατούρες,http://bullyshop.gr/sites/bullyshop.gr/files/images/products/bu012826.jpg
BU012827,Merida με τόξο (Brave),"5,20€",,Ήρωες,BRAVE,Μινιατούρες,http://bullyshop.gr/sites/bullyshop.gr/files/images/products/bu012827.jpg
BU012828,Angus (Brave),"8,12€",,Ήρωες,BRAVE,Μινιατούρες,http://bullyshop.gr/sites/bullyshop.gr/files/images/products/bu012828.jpg
BU012830,Μινιατούρα σταχτοπούτα,"5,20€",Άμεσα διαθέσιμο,Ήρωες,DISNEY PRINCESS,Μινιατούρες,http://bullyshop.gr/sites/bullyshop.gr/files/images/products/bu012830.jpg
BU012840,Μινιατούρα Tingerbell winterfairy,"5,20€",Άμεσα διαθέσιμο,Ήρωες,DISNEY FAIRIES,Μινιατούρες,http://bullyshop.gr/sites/bullyshop.gr/files/images/products/bu012840.jpg
BU012842,Μινιατούρα Periwinkle,"5,20€",Άμεσα διαθέσιμο,Ήρωες,DISNEY FAIRIES,Μινιατούρες,http://bullyshop.gr/sites/bullyshop.gr/files/images/products/bu012842.jpg
BU012843,Μινιατούρα Aurora new 2015,"5,85€",Άμεσα διαθέσιμο,Ήρωες,DISNEY PRINCESS,Μινιατούρες,http://bullyshop.gr/sites/bullyshop.gr/files/images/products/bu012843.jpg
BU012874,Ωραία Κοιμωμένη σε κουτί δώρου,"6,50€",,Ήρωες,"Σετ δώρου, DISNEY PRINCESS",Μινιατούρες,http://bullyshop.gr/sites/bullyshop.gr/files/images/products/bu012874.jpg
BU012875,Πεντάμορφη σε κουτί δώρου,"6,50€",,Ήρωες,"Σετ δώρου, DISNEY PRINCESS",Μινιατούρες,http://bullyshop.gr/sites/bullyshop.gr/files/images/products/bu012875.jpg
BU012876,Μινιατούρα σταχτοπούτα σε κουτί δώρου,"6,50€",Άμεσα διαθέσιμο,Ήρωες,"Σετ δώρου, DISNEY PRINCESS",Μινιατούρες,http://bullyshop.gr/sites/bullyshop.gr/files/images/products/bu012876.jpg
BU012891,Μινιατούρα Jake με σπαθί,"5,20€",Άμεσα διαθέσιμο,Ήρωες,JAKE & PIRATES,Μινιατούρες,http://bullyshop.gr/sites/bullyshop.gr/files/images/products/bu012891.jpg
BU012892,Μινιατούρα Jake,"5,20€",Άμεσα διαθέσιμο,Ήρωες,JAKE & PIRATES,Μινιατούρες,http://bullyshop.gr/sites/bullyshop.gr/files/images/products/bu012892.jpg
BU012893,Μινιατούρα Tick Tock new,"5,20€",Άμεσα διαθέσιμο,Ήρωες,JAKE & PIRATES,Μινιατούρες,http://bullyshop.gr/sites/bullyshop.gr/files/images/products/bu012893.jpg
BU012894,"Μινιατούρα Izzy""Jake""","5,20€",Άμεσα διαθέσιμο,Ήρωες,JAKE & PIRATES,Μινιατούρες,http://bullyshop.gr/sites/bullyshop.gr/files/images/products/bu012894.jpg
BU012900,Μινιατούρα Doc Mc Stuffins,"5,20€",Άμεσα διαθέσιμο,Ήρωες,DOC MC STUFFINS,Μινιατούρες,http://bullyshop.gr/sites/bullyshop.gr/files/images/products/bu012900.jpg
BU012901,Μινιατούρα Doc McStuffins με Lambie,"5,20€",Άμεσα διαθέσιμο,Ήρωες,DOC MC STUFFINS,Μινιατούρες,http://bullyshop.gr/sites/bullyshop.gr/files/images/products/bu012901.jpg
BU012902,Μινιατούρα Doc McStuffins με Stuffy,"5,85€",Άμεσα διαθέσιμο,Ήρωες,DOC MC STUFFINS,Μινιατούρες,http://bullyshop.gr/sites/bullyshop.gr/files/images/products/bu012902.jpg
BU012903,"Μινιατούρα Hallie Hippo""Doc Mc stuffins""","5,20€",Άμεσα διαθέσιμο,Ήρωες,DOC MC STUFFINS,Μινιατούρες,http://bullyshop.gr/sites/bullyshop.gr/files/images/products/bu012903.jpg
BU012904,"Μινιατούρα Lambie""Doc Mcstuffins""","4,30€",Άμεσα διαθέσιμο,Ήρωες,DOC MC STUFFINS,Μινιατούρες,http://bullyshop.gr/sites/bullyshop.gr/files/images/products/bu012904.jpg
BU012914,"Μινιατούρα ""Windlifter"", Planes 2","5,85€",Άμεσα διαθέσιμο,Ήρωες,PLANES,Μινιατούρες,http://bullyshop.gr/sites/bullyshop.gr/files/images/products/bu012914.jpg
BU012915,"Μινιατούρα ""Mayday"", Planes 2","5,85€",Άμεσα διαθέσιμο,Ήρωες,PLANES,Μινιατούρες,http://bullyshop.gr/sites/bullyshop.gr/files/images/products/bu012915.jpg
BU012916,"Μινιατούρα ""Maru"", Planes 2","4,30€",Άμεσα διαθέσιμο,Ήρωες,PLANES,Μινιατούρες,http://bullyshop.gr/sites/bullyshop.gr/files/images/products/bu012916.jpg
BU012917,"Μινιατούρα ""Dusty"", Planes 2","5,85€",Άμεσα διαθέσιμο,Ήρωες,PLANES,Μινιατούρες,http://bullyshop.gr/sites/bullyshop.gr/files/images/products/bu012917.jpg
BU012918,"Μινιατούρα ""Dipper"", Planes 2","5,85€",Άμεσα διαθέσιμο,Ήρωες,PLANES,Μινιατούρες,http://bullyshop.gr/sites/bullyshop.gr/files/images/products/bu012918.jpg
BU012919,"Μινιατούρα ""Blade"", Planes 2","5,85€",Άμεσα διαθέσιμο,Ήρωες,PLANES,Μινιατούρες,http://bullyshop.gr/sites/bullyshop.gr/files/images/products/bu012919.jpg
BU012920,Μινιατούρα Planes Dusty Crophopper,"5,20€",Άμεσα διαθέσιμο,Ήρωες,PLANES,Μινιατούρες,http://bullyshop.gr/sites/bullyshop.gr/files/images/products/bu012920.jpg
BU012921,Μινιατούρα Planes Bravo,"5,20€",Άμεσα διαθέσιμο,Ήρωες,PLANES,Μινιατούρες,http://bullyshop.gr/sites/bullyshop.gr/files/images/products/bu012921.jpg
BU012922,Μινιατούρα Planes Echo,"5,20€",Άμεσα διαθέσιμο,Ήρωες,PLANES,Μινιατούρες,http://bullyshop.gr/sites/bullyshop.gr/files/images/products/bu012922.jpg
BU012923,Μινιατούρα Planes Elchupacabra,"5,20€",Άμεσα διαθέσιμο,Ήρωες,PLANES,Μινιατούρες,http://bullyshop.gr/sites/bullyshop.gr/files/images/products/bu012923.jpg
BU012924,Μινιατούρα Planes Skipper,"5,20€",Άμεσα διαθέσιμο,Ήρωες,PLANES,Μινιατούρες,http://bullyshop.gr/sites/bullyshop.gr/files/images/products/bu012924.jpg
BU012925,Μινιατούρα Planes Ripslinger,"5,20€",Άμεσα διαθέσιμο,Ήρωες,PLANES,Μινιατούρες,http://bullyshop.gr/sites/bullyshop.gr/files/images/products/bu012925.jpg
BU012930,Μινιατούρα Sofia Princess,"5,20€",Άμεσα διαθέσιμο,Ήρωες,SOFIA THE FIRST,Μινιατούρες,http://bullyshop.gr/sites/bullyshop.gr/files/images/products/bu012930.jpg
BU012931,Μινιατούρα Sofia Princess με βιβλίο,"5,20€",Άμεσα διαθέσιμο,Ήρωες,SOFIA THE FIRST,Μινιατούρες,http://bullyshop.gr/sites/bullyshop.gr/files/images/products/bu012931.jpg
BU012932,"Μινιατούρα Clover ""Sofia the first""","4,30€",Άμεσα διαθέσιμο,Ήρωες,SOFIA THE FIRST,Μινιατούρες,http://bullyshop.gr/sites/bullyshop.gr/files/images/products/bu012932.jpg
BU012933,"Μινιατούρα Whatnaught ""Sofia the first""","4,30€",Άμεσα διαθέσιμο,Ήρωες,SOFIA THE FIRST,Μινιατούρες,http://bullyshop.gr/sites/bullyshop.gr/files/images/products/bu012933.jpg
BU012960,"Μινιατούρα ""Anna"" Frozen","5,85€",Άμεσα διαθέσιμο,Ήρωες,FROZEN,Μινιατούρες,http://bullyshop.gr/sites/bullyshop.gr/files/images/products/bu012960.jpg
BU012961,"Μινιατούρα ""Elsa"" Frozen","5,85€",Άμεσα διαθέσιμο,Ήρωες,FROZEN,Μινιατούρες,http://bullyshop.gr/sites/bullyshop.gr/files/images/products/bu012961_0.jpg
BU012962,"Μινιατούρα ""Kristoff"" Frozen","5,85€",Άμεσα διαθέσιμο,Ήρωες,FROZEN,Μινιατούρες,http://bullyshop.gr/sites/bullyshop.gr/files/images/products/bu012962.jpg
BU012963,"Μινιατούρα ""Olaf"" Frozen","5,20€",Άμεσα διαθέσιμο,Ήρωες,FROZEN,Μινιατούρες,http://bullyshop.gr/sites/bullyshop.gr/files/images/products/bu012963.jpg
BU012965,"Μινιατούρα ""Sven"" Frozen","8,12€",Άμεσα διαθέσιμο,Ήρωες,FROZEN,Μινιατούρες,http://bullyshop.gr/sites/bullyshop.gr/files/images/products/bu012965.jpg
BU012966,"Μινιατούρα ""Elsa Queen"" Frozen","8,12€",Άμεσα διαθέσιμο,Ήρωες,FROZEN,Μινιατούρες,http://bullyshop.gr/sites/bullyshop.gr/files/images/products/bu012966.jpg
BU012967,"Μινιατούρα ""Anna Princess"" Frozen","8,12€",Άμεσα διαθέσιμο,Ήρωες,FROZEN,Μινιατούρες,http://bullyshop.gr/sites/bullyshop.gr/files/images/products/bu012967.jpg
BU013362,"Σετ δώρου ""Princess"" 6τεμ","28,45€",Άμεσα διαθέσιμο,Ήρωες,"Σετ δώρου, DISNEY PRINCESS",Μινιατούρες,http://bullyshop.gr/sites/bullyshop.gr/files/images/products/bu013362.jpg
BU014384,Μίνι Flamenco,"5,85€",,Ήρωες,DISNEY CLUBHOUSE,Μινιατούρες,http://bullyshop.gr/sites/bullyshop.gr/files/images/products/bu014384.jpg
BU015209,Κουμπαράς Μickey (23 εκ.),"22,76€",,Δώρα,"Κουμπαράδες, DISNEY CLUBHOUSE",Μινιατούρες,http://bullyshop.gr/sites/bullyshop.gr/files/images/products/bu015209.jpg
BU015210,Κουμπαράς Μinnie,"22,76€",,Δώρα,"Κουμπαράδες, DISNEY CLUBHOUSE",Μινιατούρες,http://bullyshop.gr/sites/bullyshop.gr/files/images/products/bu015210.jpg
BU015214,Κουμπαράς πλαστικός Μίκυ-Μίνι Φεγγάρι,"22,76€",,Δώρα,"Κουμπαράδες, DISNEY CLUBHOUSE",Μινιατούρες,http://bullyshop.gr/sites/bullyshop.gr/files/images/products/bu015214.jpg
BU015310,Μινιατούρα Scrooge McDuck,"5,20€",Άμεσα διαθέσιμο,Ήρωες,DISNEY CLUBHOUSE,Μινιατούρες,http://bullyshop.gr/sites/bullyshop.gr/files/images/products/bu015310.jpg
BU015311,Mινιατούρα Huey,"5,20€",Άμεσα διαθέσιμο,Ήρωες,DISNEY CLUBHOUSE,Μινιατούρες,http://bullyshop.gr/sites/bullyshop.gr/files/images/products/bu015311.jpg
BU015312,Μινιατούρα Louie,"5,20€",Άμεσα διαθέσιμο,Ήρωες,DISNEY CLUBHOUSE,Μινιατούρες,http://bullyshop.gr/sites/bullyshop.gr/files/images/products/bu015312.jpg
BU015313,Μινιατούρα Pewey,"5,20€",Άμεσα διαθέσιμο,Ήρωες,DISNEY CLUBHOUSE,Μινιατούρες,http://bullyshop.gr/sites/bullyshop.gr/files/images/products/bu015313.jpg
BU015328,Μινιατούρα Minnie με τσάντα,"5,20€",Άμεσα διαθέσιμο,Ήρωες,DISNEY CLUBHOUSE,Μινιατούρες,http://bullyshop.gr/sites/bullyshop.gr/files/images/products/bu015328.jpg
BU015329,Μινιατούρα Minnie με κουτάβι,"5,20€",Άμεσα διαθέσιμο,Ήρωες,DISNEY CLUBHOUSE,Μινιατούρες,http://bullyshop.gr/sites/bullyshop.gr/files/images/products/bu015329.jpg
BU015335,Μινιατούρα Donald,"4,30€",Άμεσα διαθέσιμο,Ήρωες,DISNEY CLUBHOUSE,Μινιατούρες,http://bullyshop.gr/sites/bullyshop.gr/files/images/products/bu015335.jpg
BU015337,ΜΙνιατούρα Daisy,"4,30€",Άμεσα διαθέσιμο,Ήρωες,DISNEY CLUBHOUSE,Μινιατούρες,http://bullyshop.gr/sites/bullyshop.gr/files/images/products/bu015337.jpg
BU015338,Μίκι Πάρτυ,"5,20€",,Ήρωες,DISNEY CLUBHOUSE,Μινιατούρες,http://bullyshop.gr/sites/bullyshop.gr/files/images/products/bu015338.jpg
BU015339,Μίνι Πάρτυ,"5,20€",,Ήρωες,DISNEY CLUBHOUSE,Μινιατούρες,http://bullyshop.gr/sites/bullyshop.gr/files/images/products/bu015339.jpg
BU015343,Daisy με τσαντάκι,"5,20€",,Ήρωες,DISNEY CLUBHOUSE,Μινιατούρες,http://bullyshop.gr/sites/bullyshop.gr/files/images/products/bu015343.jpg
BU015345,Donald Duck new,"5,20€",,Ήρωες,DISNEY CLUBHOUSE,Μινιατούρες,http://bullyshop.gr/sites/bullyshop.gr/files/images/products/bu015345.jpg
BU015346,Goofy (8.5 εκ.),"5,20€",,Ήρωες,DISNEY CLUBHOUSE,Μινιατούρες,http://bullyshop.gr/sites/bullyshop.gr/files/images/products/bu015346.jpg
BU015347,Πλούτο new,"5,20€",,Ήρωες,DISNEY CLUBHOUSE,Μινιατούρες,http://bullyshop.gr/sites/bullyshop.gr/files/images/products/bu015347.jpg
BU015348,Mickey classic new,"5,20€",,Ήρωες,DISNEY CLUBHOUSE,Μινιατούρες,http://bullyshop.gr/sites/bullyshop.gr/files/images/products/bu015348.jpg
BU015349,Minnie classic new,"5,20€",,Ήρωες,DISNEY CLUBHOUSE,Μινιατούρες,http://bullyshop.gr/sites/bullyshop.gr/files/images/products/bu015349.jpg
BU042550,Charly Brown φίλος Snoopy,"5,20€",,Ήρωες,SNOOPY,Μινιατούρες,http://bullyshop.gr/sites/bullyshop.gr/files/images/products/bu042550.jpg
BU042551,Linus φίλος Snoopy,"5,20€",,Ήρωες,SNOOPY,Μινιατούρες,http://bullyshop.gr/sites/bullyshop.gr/files/images/products/bu042551.jpg
BU042552,Lucy φίλη Snoopy,"5,20€",,Ήρωες,SNOOPY,Μινιατούρες,http://bullyshop.gr/sites/bullyshop.gr/files/images/products/bu042552.jpg
BU042560,Φιγούρα Snoopy πολυρεζίνης,"16,25€",,Ήρωες,SNOOPY,Μινιατούρες,http://bullyshop.gr/sites/bullyshop.gr/files/images/products/bu042560.jpg
BU043402,Κουμπαράς πλαστικός Maya η μέλισσα.,"22,76€",,Δώρα,"Κουμπαράδες, MAYA",Μινιατούρες,http://bullyshop.gr/sites/bullyshop.gr/files/images/products/bu043402.jpg
BU043452,Κασσάνδρα στην παρέα της Μάγια Μέλισσας,"5,20€",,Ήρωες,MAYA,Μινιατούρες,http://bullyshop.gr/sites/bullyshop.gr/files/images/products/bu043452.jpg
BU043453,Θέκλα στην παρέα της Μάγια Μέλισσας,"5,20€",,Ήρωες,MAYA,Μινιατούρες,http://bullyshop.gr/sites/bullyshop.gr/files/images/products/bu043453.jpg
BU043456,Μινιατούρα Maya the bee,"5,20€",Άμεσα διαθέσιμο,Ήρωες,MAYA,Μινιατούρες,http://bullyshop.gr/sites/bullyshop.gr/files/images/products/bu043456.jpg
BU043457,Μινιατούρα Maya the bee,"5,20€",Άμεσα διαθέσιμο,Ήρωες,MAYA,Μινιατούρες,http://bullyshop.gr/sites/bullyshop.gr/files/images/products/bu043457.jpg
BU043458,Μινιατούρα Flip,"5,20€",Άμεσα διαθέσιμο,Ήρωες,MAYA,Μινιατούρες,http://bullyshop.gr/sites/bullyshop.gr/files/images/products/bu043458.jpg
BU043460,Μινιατούρα Willy,"5,20€",Άμεσα διαθέσιμο,Ήρωες,MAYA,Μινιατούρες,http://bullyshop.gr/sites/bullyshop.gr/files/images/products/bu043460.jpg
BU043750,Mικρός πρίγκηπας,"5,20€",,Ήρωες,LITTLE PRINCE,Μινιατούρες,http://bullyshop.gr/sites/bullyshop.gr/files/images/products/bu043750.jpg
BU043751,Μικρός πρίγκιπας με αλεπού,"5,20€",,Ήρωες,LITTLE PRINCE,Μινιατούρες,http://bullyshop.gr/sites/bullyshop.gr/files/images/products/bu043751.jpg
BU043752,Μικρός πρίγκιπας με κάπα,"5,20€",,Ήρωες,LITTLE PRINCE,Μινιατούρες,http://bullyshop.gr/sites/bullyshop.gr/files/images/products/bu043752.jpg
BU053450,Μινιατούρα Hello Kitty,"5,20€",Άμεσα διαθέσιμο,Ήρωες,HELLO KITTY,Μινιατούρες,http://bullyshop.gr/sites/bullyshop.gr/files/images/products/bu053450_0.jpg
BU053451,Μινιατούρα Hello Kitty με μπικίνι,"5,20€",Άμεσα διαθέσιμο,Ήρωες,HELLO KITTY,Μινιατούρες,http://bullyshop.gr/sites/bullyshop.gr/files/images/products/bu053451_0.jpg
BU053453,Μινιατούρα Hello Kitty Shopping Girl,"5,20€",Άμεσα διαθέσιμο,Ήρωες,HELLO KITTY,Μινιατούρες,http://bullyshop.gr/sites/bullyshop.gr/files/images/products/bu053453_0.jpg
BU053454,Μινιατούρα Hello Kitty Valentine,"5,20€",Άμεσα διαθέσιμο,Ήρωες,HELLO KITTY,Μινιατούρες,http://bullyshop.gr/sites/bullyshop.gr/files/images/products/bu053454_0.jpg
BU053483,Μινιατούρα Hello kitty mini jeans skirt,"1,62€",Άμεσα διαθέσιμο,Ήρωες,HELLO KITTY,Μινιατούρες,http://bullyshop.gr/sites/bullyshop.gr/files/images/products/bu053483.jpg
BU053485,Μινιατούρα Hello kitty in skirt,"1,62€",Άμεσα διαθέσιμο,Ήρωες,HELLO KITTY,Μινιατούρες,http://bullyshop.gr/sites/bullyshop.gr/files/images/products/bu053485.jpg
BU053486,Μινιατούρα Hello kitty in dress,"1,62€",Άμεσα διαθέσιμο,Ήρωες,HELLO KITTY,Μινιατούρες,http://bullyshop.gr/sites/bullyshop.gr/files/images/products/bu053486.jpg
BU053491,Μινιατούρα Hello kitty with pearl necklace,"1,62€",Άμεσα διαθέσιμο,Ήρωες,HELLO KITTY,Μινιατούρες,http://bullyshop.gr/sites/bullyshop.gr/files/images/products/bu053491.jpg
BU053492,Μινιατούρα Hello kitty in checkered dress,"1,62€",Άμεσα διαθέσιμο,Ήρωες,HELLO KITTY,Μινιατούρες,http://bullyshop.gr/sites/bullyshop.gr/files/images/products/bu053492.jpg
BU053493,Μινιατούρα Hello kitty in red dress,"1,62€",Άμεσα διαθέσιμο,Ήρωες,HELLO KITTY,Μινιατούρες,http://bullyshop.gr/sites/bullyshop.gr/files/images/products/bu053493.jpg
BU053495,Μινιατούρα Hello kitty in pink jacket with dot,"1,62€",Άμεσα διαθέσιμο,Ήρωες,HELLO KITTY,Μινιατούρες,http://bullyshop.gr/sites/bullyshop.gr/files/images/products/bu053495.jpg
BU053497,Μινιατούρα Hello kitty in checkered dress,"1,62€",Άμεσα διαθέσιμο,Ήρωες,HELLO KITTY,Μινιατούρες,http://bullyshop.gr/sites/bullyshop.gr/files/images/products/bu053497.jpg
BU053552,Patrick Star,"5,20€",,Ήρωες,SPONGEBOB,Μινιατούρες,http://bullyshop.gr/sites/bullyshop.gr/files/images/products/bu053552.jpg
BU053557,Spongebob σε πανικό,"5,20€",,Ήρωες,SPONGEBOB,Μινιατούρες,http://bullyshop.gr/sites/bullyshop.gr/files/images/products/bu053557.jpg
BU054550,Έλκηθρο με 2 Χάσκυ,"16,25€",,Χαρακτήρες,Εσκιμώοι,Σετ,http://bullyshop.gr/sites/bullyshop.gr/files/images/products/bu054550.jpg
BU054552,Ιγκλού,"22,76€",,Χαρακτήρες,Εσκιμώοι,Μινιατούρες,http://bullyshop.gr/sites/bullyshop.gr/files/images/products/bu054552.jpg
BU054553,Εσκιμώα,"5,85€",,Χαρακτήρες,Εσκιμώοι,Μινιατούρες,http://bullyshop.gr/sites/bullyshop.gr/files/images/products/bu054553.jpg
BU054554,Εσκιμώος,"5,85€",,Χαρακτήρες,Εσκιμώοι,Μινιατούρες,http://bullyshop.gr/sites/bullyshop.gr/files/images/products/bu054554.jpg
BU054555,Χάσκυ,"4,30€",,Χαρακτήρες,Εσκιμώοι,Μινιατούρες,http://bullyshop.gr/sites/bullyshop.gr/files/images/products/bu054555.jpg
BU058355,Μινιατούρα μαμούθ 21εκ,"16,25€",Άμεσα διαθέσιμο,Προϊστορία,Απολιθώματα,Μινιατούρες,http://bullyshop.gr/sites/bullyshop.gr/files/images/products/bu058355.jpg
BU058359,Αγριόγατα,"5,20€",,Προϊστορία,Απολιθώματα,Μινιατούρες,http://bullyshop.gr/sites/bullyshop.gr/files/images/products/bu058359.jpg
BU058372,Τίγρης Tooth-Tiger,"5,20€",,Προϊστορία,Απολιθώματα,Μινιατούρες,http://bullyshop.gr/sites/bullyshop.gr/files/images/products/bu058372.jpg
BU058375,Μινιατούρα προιστορική τίγρη saber toothed,"5,20€",Άμεσα διαθέσιμο,Προϊστορία,Απολιθώματα,Μινιατούρες,http://bullyshop.gr/sites/bullyshop.gr/files/images/products/bu058375.jpg
BU058376,Μινιατούρα προιστορική γάτα saber toothed,"5,20€",Άμεσα διαθέσιμο,Προϊστορία,Απολιθώματα,Μινιατούρες,http://bullyshop.gr/sites/bullyshop.gr/files/images/products/bu058376.jpg
BU058385,Προιστορικός Homo Sapiens,"6,50€",,Προϊστορία,Απολιθώματα,Μινιατούρες,http://bullyshop.gr/sites/bullyshop.gr/files/images/products/bu058385.jpg
BU061050,Μινιατούρα δεινόσαυροι διάφοροι 4 εκ.,"1,21€",Άμεσα διαθέσιμο,Προϊστορία,Δεινόσαυροι,Μινιατούρες,http://bullyshop.gr/sites/bullyshop.gr/files/images/products/bu061050.jpg
BU061364,Fteranodon μουσείου (30 εκ.),"12,19€",,Προϊστορία,Δεινόσαυροι,Μινιατούρες,http://bullyshop.gr/sites/bullyshop.gr/files/images/products/bu061364.jpg
BU061432,Meseum Line Triceratops,"16,25€",,Προϊστορία,Δεινόσαυροι,Μινιατούρες,http://bullyshop.gr/sites/bullyshop.gr/files/images/products/bu061432.jpg
BU061450,Αλλόσαυρος μουσείου (31 εκ.),"16,25€",,Προϊστορία,Δεινόσαυροι,Μινιατούρες,http://bullyshop.gr/sites/bullyshop.gr/files/images/products/bu061450.jpg
BU061451,Τυραννόσαυρος μουσείου (33 εκ.),"16,25€",,Προϊστορία,Δεινόσαυροι,Μινιατούρες,http://bullyshop.gr/sites/bullyshop.gr/files/images/products/bu061451.jpg
BU061455,Ελαυσμόσαυρος (28 εκ.),"12,19€",,Προϊστορία,Δεινόσαυροι,Μινιατούρες,http://bullyshop.gr/sites/bullyshop.gr/files/images/products/bu061455.jpg
BU061466,Museum Line Velociraptor (20 εκ.),"10,56€",,Προϊστορία,Δεινόσαυροι,Μινιατούρες,http://bullyshop.gr/sites/bullyshop.gr/files/images/products/bu061466.jpg
BU061469,Αριζονόσαυρος (25 εκ.),"12,19€",,Προϊστορία,Δεινόσαυροι,Μινιατούρες,http://bullyshop.gr/sites/bullyshop.gr/files/images/products/bu061469.jpg
BU061470,Στεγόσαυρος μουσείου (25 εκ.),"16,25€",,Προϊστορία,Δεινόσαυροι,Μινιατούρες,http://bullyshop.gr/sites/bullyshop.gr/files/images/products/bu061470.jpg
BU061472,Γιγαντόσαυρος μουσείου,"16,25€",,Προϊστορία,Δεινόσαυροι,Μινιατούρες,http://bullyshop.gr/sites/bullyshop.gr/files/images/products/bu061472.jpg
BU061476,Μινιατούρα δεινόσαυρος dimetrodon,"12,19€",Άμεσα διαθέσιμο,Προϊστορία,Δεινόσαυροι,Μινιατούρες,http://bullyshop.gr/sites/bullyshop.gr/files/images/products/bu061476.jpg
BU061477,Διλοφόσαυρος,"10,56€",,Προϊστορία,,Μινιατούρες,http://bullyshop.gr/sites/bullyshop.gr/files/images/products/bu061477.jpg
BU061478,Θεριζινόσαυρος σειρά μουσείου,"14,22€",Άμεσα διαθέσιμο,Προϊστορία,Δεινόσαυροι,Μινιατούρες,http://bullyshop.gr/sites/bullyshop.gr/files/images/products/bu061478.jpg
BU061479,Σπινόσαυρος σειρά μουσείου,"16,25€",Άμεσα διαθέσιμο,Προϊστορία,Δεινόσαυροι,Μινιατούρες,http://bullyshop.gr/sites/bullyshop.gr/files/images/products/bu061479.jpg
BU061877,Μινιατούρα soft play Dimetrodon,"8,12€",Άμεσα διαθέσιμο,Προϊστορία,Δεινόσαυροι,Μινιατούρες,http://bullyshop.gr/sites/bullyshop.gr/files/images/products/bu061877.jpg
BU062100,Κουμπαράς γουρουνάκι,"14,22€",,Δώρα,Κουμπαράδες,Μινιατούρες,http://bullyshop.gr/sites/bullyshop.gr/files/images/products/bu062100.jpg
BU062101,Κουμπαράς πλαστ. Αγελάδα,"14,22€",,Δώρα,Κουμπαράδες,Μινιατούρες,http://bullyshop.gr/sites/bullyshop.gr/files/images/products/bu062101.jpg
BU062102,Κουμπαράς πλαστ. Πρόβατο,"14,22€",,Δώρα,Κουμπαράδες,Μινιατούρες,http://bullyshop.gr/sites/bullyshop.gr/files/images/products/bu062102.jpg
BU062223,Άλογο με πουλάρι Knabstrupper σε κουτί δώρου,"12,19€",,Ζωϊκό Βασίλειο,"Σετ δώρου, Ζώα της φάρμας",Σετ,http://bullyshop.gr/sites/bullyshop.gr/files/images/products/bu062223.jpg
BU062227,Φράχτης (4 τεμ.) με γούρνα,"12,19€",,Ζωϊκό Βασίλειο,Ζώα της φάρμας,Σετ,http://bullyshop.gr/sites/bullyshop.gr/files/images/products/bu062227.jpg
BU062290,Κριός (8 εκ.),"4,30€",,Ζωϊκό Βασίλειο,Ζώα της φάρμας,Μινιατούρες,http://bullyshop.gr/sites/bullyshop.gr/files/images/products/bu062290.jpg
BU062309,Μινιατούρα πελαργός,"4,30€",Άμεσα διαθέσιμο,Ζωϊκό Βασίλειο,Πουλιά,Μινιατούρες,http://bullyshop.gr/sites/bullyshop.gr/files/images/products/bu062309.jpg
BU062310,Αγριογούρουνο,"4,30€",,Ζωϊκό Βασίλειο,Ζώα της φάρμας,Μινιατούρες,http://bullyshop.gr/sites/bullyshop.gr/files/images/products/bu062310.jpg
BU062311,Γουρούνα,"4,30€",,Ζωϊκό Βασίλειο,Ζώα της φάρμας,Μινιατούρες,http://bullyshop.gr/sites/bullyshop.gr/files/images/products/bu062311.jpg
BU062312,Γουρουνόπουλο θηλυκό,"3,41€",,Ζωϊκό Βασίλειο,Ζώα της φάρμας,Μινιατούρες,http://bullyshop.gr/sites/bullyshop.gr/files/images/products/bu062312.jpg
BU062314,"Κότα (4,5 εκ.)","3,41€",,Ζωϊκό Βασίλειο,Ζώα της φάρμας,Μινιατούρες,http://bullyshop.gr/sites/bullyshop.gr/files/images/products/bu062314.jpg
BU062315,"Κόκορας (5,5 εκ.)","3,41€",,Ζωϊκό Βασίλειο,Ζώα της φάρμας,Μινιατούρες,http://bullyshop.gr/sites/bullyshop.gr/files/images/products/bu062315.jpg
BU062316,"Κότα (4,5 εκ.)","3,41€",,Ζωϊκό Βασίλειο,Ζώα της φάρμας,Μινιατούρες,http://bullyshop.gr/sites/bullyshop.gr/files/images/products/bu062316.jpg
BU062317,Τράγος,"4,30€",,Ζωϊκό Βασίλειο,Ζώα της φάρμας,Μινιατούρες,http://bullyshop.gr/sites/bullyshop.gr/files/images/products/bu062317.jpg
BU062318,Κατσίκα με κουδούνα,"4,30€",,Ζωϊκό Βασίλειο,Ζώα της φάρμας,Μινιατούρες,http://bullyshop.gr/sites/bullyshop.gr/files/images/products/bu062318.jpg
BU062319,Μικρό κατσικάκι,"3,41€",,Ζωϊκό Βασίλειο,Ζώα της φάρμας,Μινιατούρες,http://bullyshop.gr/sites/bullyshop.gr/files/images/products/bu062319.jpg
BU062320,"Πρόβατο (7,5 εκ.)","4,30€",,Ζωϊκό Βασίλειο,Ζώα της φάρμας,Μινιατούρες,http://bullyshop.gr/sites/bullyshop.gr/files/images/products/bu062320.jpg
BU062321,Μοσχαράκι Άλπεων,"4,30€",,Ζωϊκό Βασίλειο,Ζώα της φάρμας,Μινιατούρες,http://bullyshop.gr/sites/bullyshop.gr/files/images/products/bu062321.jpg
BU062356,Σκύλος γερμανικός ποιμενικός,"3,41€",,Ζωϊκό Βασίλειο,Ζώα της φάρμας,Μινιατούρες,http://bullyshop.gr/sites/bullyshop.gr/files/images/products/bu062356.jpg
BU062442,Αγελάδα που τρώει,"5,85€",,Ζωϊκό Βασίλειο,Ζώα της φάρμας,Μινιατούρες,http://bullyshop.gr/sites/bullyshop.gr/files/images/products/bu062442.jpg
BU062444,Αγελάδα καφέ που τρώει,"5,85€",,Ζωϊκό Βασίλειο,Ζώα της φάρμας,Μινιατούρες,http://bullyshop.gr/sites/bullyshop.gr/files/images/products/bu062444.jpg
BU062460,Πάπια (5 εκ.),"3,41€",,Ζωϊκό Βασίλειο,Ζώα της φάρμας,Μινιατούρες,http://bullyshop.gr/sites/bullyshop.gr/files/images/products/bu062460.jpg
BU062478,Πρόβατο αρσενικό,"3,41€",,Ζωϊκό Βασίλειο,Ζώα της φάρμας,Μινιατούρες,http://bullyshop.gr/sites/bullyshop.gr/files/images/products/bu062478.jpg
BU062509,Γάιδαρος (9 εκ.),"5,85€",,Ζωϊκό Βασίλειο,Ζώα της φάρμας,Μινιατούρες,http://bullyshop.gr/sites/bullyshop.gr/files/images/products/bu062509.jpg
BU062511,Μινιατούρα άλογο Lipizzaner Stallion,"5,85€",Άμεσα διαθέσιμο,Ζωϊκό Βασίλειο,Ζώα της φάρμας,Μινιατούρες,http://bullyshop.gr/sites/bullyshop.gr/files/images/products/bu062511.jpg
BU062512,"Μινιατούρα άλογο ""Lipizzaner""","4,30€",Άμεσα διαθέσιμο,Ζωϊκό Βασίλειο,Ζώα της φάρμας,Μινιατούρες,http://bullyshop.gr/sites/bullyshop.gr/files/images/products/bu062512.jpg
BU062550,Γα'ι'δουράκι μικρό,"4,30€",,Ζωϊκό Βασίλειο,Ζώα της φάρμας,Μινιατούρες,http://bullyshop.gr/sites/bullyshop.gr/files/images/products/bu062550.jpg
BU062566,Πόνυ Shetlandpony,"5,20€",,,,,http://bullyshop.gr/sites/bullyshop.gr/files/images/products/bu062566%20.jpg
BU062567,Ταύρος Manolo,"5,85€",,Ζωϊκό Βασίλειο,Ζώα της φάρμας,Μινιατούρες,http://bullyshop.gr/sites/bullyshop.gr/files/images/products/bu062567.jpg
BU062607,Ταύρος μεγάλος Peter Black,"5,85€",,Ζωϊκό Βασίλειο,Ζώα της φάρμας,Μινιατούρες,http://bullyshop.gr/sites/bullyshop.gr/files/images/products/bu062607.jpg
BU062609,"Αγελάδα ""Fanny"" ασπρόμαυρη","5,85€",,Ζωϊκό Βασίλειο,Ζώα της φάρμας,Μινιατούρες,http://bullyshop.gr/sites/bullyshop.gr/files/images/products/bu062609.jpg
BU062610,Αγελάδα μεγάλη Fanny White,"5,85€",,Ζωϊκό Βασίλειο,Ζώα της φάρμας,Μινιατούρες,http://bullyshop.gr/sites/bullyshop.gr/files/images/products/bu062610.jpg
BU062615,Αγελάδα,"6,50€",,Ζωϊκό Βασίλειο,Ζώα της φάρμας,Μινιατούρες,http://bullyshop.gr/sites/bullyshop.gr/files/images/products/bu062615.jpg
BU062618,Γυναίκα αγρότη φάρμας 10εκ,"5,85€",,Χαρακτήρες,Σύγχρονη ζωή,,http://bullyshop.gr/sites/bullyshop.gr/files/images/products/bu062618.jpg
BU062621,Άλογο μπεζ-καφέ 14εκ,"6,50€",,Ζωϊκό Βασίλειο,Ζώα της φάρμας,Μινιατούρες,http://bullyshop.gr/sites/bullyshop.gr/files/images/products/bu062621.jpg
BU062630,Αγελάδα Mona Brown,"4,30€",,Ζωϊκό Βασίλειο,Ζώα της φάρμας,Μινιατούρες,http://bullyshop.gr/sites/bullyshop.gr/files/images/products/bu062630.jpg
BU062631,"Αγελάδα Calf ""Mona""Black","4,30€",,Ζωϊκό Βασίλειο,Ζώα της φάρμας,Μινιατούρες,http://bullyshop.gr/sites/bullyshop.gr/files/images/products/bu062631.jpg
BU062633,Αγελάδα Αλπική,"6,50€",,Ζωϊκό Βασίλειο,Ζώα της φάρμας,Μινιατούρες,http://bullyshop.gr/sites/bullyshop.gr/files/images/products/bu062633.jpg
BU062639,Βοσκός,"5,20€",,Χαρακτήρες,Σύγχρονη ζωή,,http://bullyshop.gr/sites/bullyshop.gr/files/images/products/bu062639.jpg
BU062640,Ιππέας αμαζόνα,"5,85€",,Χαρακτήρες,Σύγχρονη ζωή,,http://bullyshop.gr/sites/bullyshop.gr/files/images/products/bu062640.jpg
BU062643,Κοριτσάκι ιππέας Emily,"4,30€",,Χαρακτήρες,Σύγχρονη ζωή,,http://bullyshop.gr/sites/bullyshop.gr/files/images/products/bu062643.jpg
BU062645,Αγρότισσα,"5,85€",,Χαρακτήρες,Σύγχρονη ζωή,,http://bullyshop.gr/sites/bullyshop.gr/files/images/products/bu062645.jpg
BU062646,Νεαρή αγρότισσα,"5,85€",,Χαρακτήρες,Σύγχρονη ζωή,,http://bullyshop.gr/sites/bullyshop.gr/files/images/products/bu062646.jpg
BU062649,Ιππέας δεξιοτεχνίας,"5,85€",,Χαρακτήρες,Σύγχρονη ζωή,,http://bullyshop.gr/sites/bullyshop.gr/files/images/products/bu062649.jpg
BU062657,Άλογο Quarter Mare,"6,50€",,Ζωϊκό Βασίλειο,Ζώα της φάρμας,Μινιατούρες,http://bullyshop.gr/sites/bullyshop.gr/files/images/products/bu062657.jpg
BU062658,Άλογο Stalion,"6,50€",,Ζωϊκό Βασίλειο,Ζώα της φάρμας,Μινιατούρες,http://bullyshop.gr/sites/bullyshop.gr/files/images/products/bu062658.jpg
BU062659,Άλογο Aνδαλουσιας,"8,12€",,Ζωϊκό Βασίλειο,Ζώα της φάρμας,Μινιατούρες,http://bullyshop.gr/sites/bullyshop.gr/files/images/products/bu062659.jpg
BU062665,Άλογο Foal,"5,20€",,Ζωϊκό Βασίλειο,Ζώα της φάρμας,Μινιατούρες,http://bullyshop.gr/sites/bullyshop.gr/files/images/products/bu062665.jpg
BU062666,Άλογο καφέ που περπατά,"6,50€",,Ζωϊκό Βασίλειο,Ζώα της φάρμας,Μινιατούρες,http://bullyshop.gr/sites/bullyshop.gr/files/images/products/bu062666.jpg
BU062668,Άλογο καφέ νέο,"8,12€",,Ζωϊκό Βασίλειο,Ζώα της φάρμας,Μινιατούρες,http://bullyshop.gr/sites/bullyshop.gr/files/images/products/bu062668.jpg
BU062673,Πουλάρι 9 εκ,"5,20€",,Ζωϊκό Βασίλειο,Ζώα της φάρμας,Μινιατούρες,http://bullyshop.gr/sites/bullyshop.gr/files/images/products/bu062673.jpg
BU062674,Άλογο Seddle Horse 10ek,"6,50€",,Ζωϊκό Βασίλειο,Ζώα της φάρμας,Μινιατούρες,http://bullyshop.gr/sites/bullyshop.gr/files/images/products/bu062674.jpg
BU062676,Άλογο ασπρόμαυρο Lewitzer,"5,85€",,Ζωϊκό Βασίλειο,Ζώα της φάρμας,Μινιατούρες,http://bullyshop.gr/sites/bullyshop.gr/files/images/products/bu062676.jpg
BU062677,Άλογο Arabian Mare(με σέλα και γκέτες),"6,50€",,Ζωϊκό Βασίλειο,Ζώα της φάρμας,Μινιατούρες,http://bullyshop.gr/sites/bullyshop.gr/files/images/products/bu062677.jpg
BU062678,Άλογο καφέ-άσπρο Quarter Fohlen,"5,20€",,Ζωϊκό Βασίλειο,Ζώα της φάρμας,Μινιατούρες,http://bullyshop.gr/sites/bullyshop.gr/files/images/products/bu062678.jpg
BU062679,Άλογο καφέ-μαύρο Mare,"6,50€",,Ζωϊκό Βασίλειο,Ζώα της φάρμας,Μινιατούρες,http://bullyshop.gr/sites/bullyshop.gr/files/images/products/bu062679.jpg
BU062680,Πουλάρι μικρό,"5,20€",,Ζωϊκό Βασίλειο,Ζώα της φάρμας,Μινιατούρες,http://bullyshop.gr/sites/bullyshop.gr/files/images/products/bu062680.jpg
BU062681,Αράβικο πουλάρι,"5,20€",,Ζωϊκό Βασίλειο,Ζώα της φάρμας,Μινιατούρες,http://bullyshop.gr/sites/bullyshop.gr/files/images/products/bu062681.jpg
BU062682,Άλογο Ανοβέρου,"6,50€",,Ζωϊκό Βασίλειο,Ζώα της φάρμας,Μινιατούρες,http://bullyshop.gr/sites/bullyshop.gr/files/images/products/bu062682.jpg
BU062683,Πουλάρι,"5,20€",,Ζωϊκό Βασίλειο,Ζώα της φάρμας,Μινιατούρες,http://bullyshop.gr/sites/bullyshop.gr/files/images/products/bu062683.jpg
BU062693,Άλογο Βεστφαλίας,"8,12€",,Ζωϊκό Βασίλειο,Ζώα της φάρμας,Μινιατούρες,http://bullyshop.gr/sites/bullyshop.gr/files/images/products/bu062693.jpg
BU062695,Μινιατούρα Paso Fino φοράδα,"6,50€",Άμεσα διαθέσιμο,Ζωϊκό Βασίλειο,Ζώα της φάρμας,Μινιατούρες,http://bullyshop.gr/sites/bullyshop.gr/files/images/products/bu062695.jpg
BU062696,Μινιατούρα φοράδα Halfinger,"6,50€",Άμεσα διαθέσιμο,Ζωϊκό Βασίλειο,Ζώα της φάρμας,Μινιατούρες,http://bullyshop.gr/sites/bullyshop.gr/files/images/products/bu062696.jpg
BU062697,Μινιατούρα Haflinger πουλάρι,"5,20€",Άμεσα διαθέσιμο,Ζωϊκό Βασίλειο,Ζώα της φάρμας,Μινιατούρες,http://bullyshop.gr/sites/bullyshop.gr/files/images/products/bu062697.jpg
BU062698,Μινιατούρα Haflinger επιβήτορας,"6,50€",Άμεσα διαθέσιμο,Ζωϊκό Βασίλειο,Ζώα της φάρμας,Μινιατούρες,http://bullyshop.gr/sites/bullyshop.gr/files/images/products/bu062698.jpg
BU062705,Μινιατούρα κότα με κοτοπουλάκια,"4,30€",Άμεσα διαθέσιμο,Ζωϊκό Βασίλειο,Ζώα της φάρμας,Μινιατούρες,http://bullyshop.gr/sites/bullyshop.gr/files/images/products/bu062705.jpg
BU062710,Μινιατούρα μοσχαράκι Fridolin καφέ,"4,30€",Άμεσα διαθέσιμο,Ζωϊκό Βασίλειο,Ζώα της φάρμας,Μινιατούρες,http://bullyshop.gr/sites/bullyshop.gr/files/images/products/bu062710.jpg
BU062718,Μινιατούρα πρόβατο blackface,"5,20€",Άμεσα διαθέσιμο,Ζωϊκό Βασίλειο,Ζώα της φάρμας,Μινιατούρες,http://bullyshop.gr/sites/bullyshop.gr/files/images/products/bu062718.jpg
BU062720,"Μινιατούρα άλογο ""Westphalian Mare""","8,12€",Άμεσα διαθέσιμο,Ζωϊκό Βασίλειο,Ζώα της φάρμας,Μινιατούρες,http://bullyshop.gr/sites/bullyshop.gr/files/images/products/bu062720.jpg
BU062721,"Μινιατούρα άλογο ""westphalian""","4,30€",Άμεσα διαθέσιμο,Ζωϊκό Βασίλειο,Ζώα της φάρμας,Μινιατούρες,http://bullyshop.gr/sites/bullyshop.gr/files/images/products/bu062721.jpg
BU062725,Μινιατούρα αναβάτρια,"5,85€",,Χαρακτήρες,Σύγχρονη ζωή,,http://bullyshop.gr/sites/bullyshop.gr/files/images/products/bu062725.jpg
BU062731,Μινιατούρα άλογο Araber,"8,12€",Άμεσα διαθέσιμο,Ζωϊκό Βασίλειο,Ζώα της φάρμας,Μινιατούρες,http://bullyshop.gr/sites/bullyshop.gr/files/images/products/bu062731.jpg
BU062733,Μινιατούρα άλογο Camargue λευκό,"6,50€",Άμεσα διαθέσιμο,Ζωϊκό Βασίλειο,Ζώα της φάρμας,Μινιατούρες,http://bullyshop.gr/sites/bullyshop.gr/files/images/products/bu062733.jpg
BU062734,Μινιατούρα άλογο Camargue Yearling καφε,"5,20€",Άμεσα διαθέσιμο,Ζωϊκό Βασίλειο,Ζώα της φάρμας,Μινιατούρες,http://bullyshop.gr/sites/bullyshop.gr/files/images/products/bu062734.jpg
BU062755,Μινιατούρα αίγαγρος,"5,20€",Άμεσα διαθέσιμο,Ζωϊκό Βασίλειο,Ζώα του δάσους,Μινιατούρες,http://bullyshop.gr/sites/bullyshop.gr/files/images/products/bu062755.jpg
BU062757,Μινιατούρα άλογο Friesian,"8,12€",Άμεσα διαθέσιμο,Ζωϊκό Βασίλειο,Ζώα της φάρμας,Μινιατούρες,http://bullyshop.gr/sites/bullyshop.gr/files/images/products/bu062757.jpg
BU062758,Μινιατούρα άλογο Νορβηγίας 14εκ,"8,12€",Άμεσα διαθέσιμο,Ζωϊκό Βασίλειο,Ζώα της φάρμας,Μινιατούρες,http://bullyshop.gr/sites/bullyshop.gr/files/images/products/bu062758.jpg
BU062900,Φάρμα και αχυρώνας από ξύλο,"101,63€",,Ζωϊκό Βασίλειο,Ζώα της φάρμας,Σετ,http://bullyshop.gr/sites/bullyshop.gr/files/images/products/bu062900_0.jpg
BU062910,Φάρμα ξύλινη 55χ34χ23,"77,24€",,Ζωϊκό Βασίλειο,Ζώα της φάρμας,Σετ,http://bullyshop.gr/sites/bullyshop.gr/files/images/products/bu062910.jpg
BU063300,Κλουβί,"16,25€",,Ζωϊκό Βασίλειο,,Μινιατούρες,http://bullyshop.gr/sites/bullyshop.gr/files/images/products/bu063300.jpg
BU063357,Μινιατούρα ρινόκερος,"5,20€",,Ζωϊκό Βασίλειο,Ζώα της ζούγκλας,Μινιατούρες,http://bullyshop.gr/sites/bullyshop.gr/files/images/products/bu063357.jpg
BU063391,Λύκος όρθιος,"5,20€",,Ζωϊκό Βασίλειο,Ζώα του δάσους,Μινιατούρες,http://bullyshop.gr/sites/bullyshop.gr/files/images/products/bu063391.jpg
BU063392,Λύκος λευκός καθιστός,"5,20€",,Ζωϊκό Βασίλειο,Ζώα του δάσους,Μινιατούρες,http://bullyshop.gr/sites/bullyshop.gr/files/images/products/bu063392.jpg
BU063393,"Λύκος μίνι 6,5 εκ","3,41€",,Ζωϊκό Βασίλειο,Ζώα του δάσους,Μινιατούρες,http://bullyshop.gr/sites/bullyshop.gr/files/images/products/bu063393.jpg
BU063394,"Λύκος κουτάβι 6,5εκ.","3,41€",,Ζωϊκό Βασίλειο,Ζώα του δάσους,Μινιατούρες,http://bullyshop.gr/sites/bullyshop.gr/files/images/products/bu063394.jpg
BU063502,Ζέβρα μικρή 9.5 εκ.,"5,20€",,Ζωϊκό Βασίλειο,Ζώα της ζούγκλας,Μινιατούρες,http://bullyshop.gr/sites/bullyshop.gr/files/images/products/bu063502.jpg
BU063529,Αρκούδα καφέ,"8,12€",,Ζωϊκό Βασίλειο,,Μινιατούρες,http://bullyshop.gr/sites/bullyshop.gr/files/images/products/bu063529.jpg
BU063532,Panda 11.5cm,"8,12€",,Ζωϊκό Βασίλειο,Ζώα της ζούγκλας,Μινιατούρες,http://bullyshop.gr/sites/bullyshop.gr/files/images/products/bu063532.jpg
BU063534,Panda μικρό,"4,30€",,Ζωϊκό Βασίλειο,Ζώα της ζούγκλας,Μινιατούρες,http://bullyshop.gr/sites/bullyshop.gr/files/images/products/bu063534.jpg
BU063537,Πολική αρκούδα,"8,12€",,Ζωϊκό Βασίλειο,"Εσκιμώοι, Θαλάσσια είδη",Μινιατούρες,http://bullyshop.gr/sites/bullyshop.gr/files/images/products/bu063537.jpg
BU063538,Πολική αρκούδα μικρή,"4,30€",,Ζωϊκό Βασίλειο,"Εσκιμώοι, Θαλάσσια είδη",Μινιατούρες,http://bullyshop.gr/sites/bullyshop.gr/files/images/products/bu063538.jpg
BU063541,Πιγκουίνος 10.5cm,"5,20€",,Ζωϊκό Βασίλειο,Θαλάσσια είδη,Μινιατούρες,http://bullyshop.gr/sites/bullyshop.gr/files/images/products/bu063541.jpg
BU063542,Πιγκουίνος μικρός,"4,30€",,Ζωϊκό Βασίλειο,Θαλάσσια είδη,Μινιατούρες,http://bullyshop.gr/sites/bullyshop.gr/files/images/products/bu063542.jpg
BU063553,Χελώνα Ταρταρούγα Μαμά,"8,12€",,Ζωϊκό Βασίλειο,Ζώα του δάσους,Μινιατούρες,http://bullyshop.gr/sites/bullyshop.gr/files/images/products/bu063553.jpg
BU063554,Χελώνα Ταρταρούγα Baby,"4,30€",,Ζωϊκό Βασίλειο,Ζώα του δάσους,Μινιατούρες,http://bullyshop.gr/sites/bullyshop.gr/files/images/products/bu063554.jpg
BU063564,Μικρός χιμπατζής,"4,30€",,Ζωϊκό Βασίλειο,Ζώα της ζούγκλας,Μινιατούρες,http://bullyshop.gr/sites/bullyshop.gr/files/images/products/bu063564.jpg
BU063565,"Καγκουρό 10,5εκ.","5,85€",,Ζωϊκό Βασίλειο,Ζώα της ζούγκλας,Μινιατούρες,http://bullyshop.gr/sites/bullyshop.gr/files/images/products/bu063565.jpg
BU063566,Καγκουρό μικρό 7.5εκ.,"4,30€",,Ζωϊκό Βασίλειο,Ζώα της ζούγκλας,Μινιατούρες,http://bullyshop.gr/sites/bullyshop.gr/files/images/products/bu063566.jpg
BU063567,"Κοάλα 9,5εκ.","5,85€",,Ζωϊκό Βασίλειο,Ζώα της ζούγκλας,Μινιατούρες,http://bullyshop.gr/sites/bullyshop.gr/files/images/products/bu063567.jpg
BU063568,"Κοάλα μικρό 4,5εκ.","4,30€",,Ζωϊκό Βασίλειο,Ζώα της ζούγκλας,Μινιατούρες,http://bullyshop.gr/sites/bullyshop.gr/files/images/products/bu063568.jpg
BU063569,Θαλάσσιο χελωνάκι,"3,41€",,Ζωϊκό Βασίλειο,Θαλάσσια είδη,Μινιατούρες,http://bullyshop.gr/sites/bullyshop.gr/files/images/products/bu063569.jpg
BU063578,Τίγρης 19cm,"8,12€",,Ζωϊκό Βασίλειο,Ζώα της ζούγκλας,Μινιατούρες,http://bullyshop.gr/sites/bullyshop.gr/files/images/products/bu063578.jpg
BU063579,Τίγρης μωρό 8cm,"4,30€",,Ζωϊκό Βασίλειο,Ζώα της ζούγκλας,Μινιατούρες,http://bullyshop.gr/sites/bullyshop.gr/files/images/products/bu063579.jpg
BU063581,Τίγρης ασπρόμαυρη μωρό,"4,30€",,Ζωϊκό Βασίλειο,Ζώα της ζούγκλας,Μινιατούρες,http://bullyshop.gr/sites/bullyshop.gr/files/images/products/bu063581.jpg
BU063586,Λεοπάρδαλη 15εκ.,"8,12€",,Ζωϊκό Βασίλειο,Ζώα της ζούγκλας,Μινιατούρες,http://bullyshop.gr/sites/bullyshop.gr/files/images/products/bu063586.jpg
BU063587,Λεοπάρδαλη 10εκ.,"4,30€",,Ζωϊκό Βασίλειο,Ζώα της ζούγκλας,Μινιατούρες,http://bullyshop.gr/sites/bullyshop.gr/files/images/products/bu063587.jpg
BU063588,Ελέφαντας Ινδίας 18εκ.,"12,19€",,Ζωϊκό Βασίλειο,Ζώα της ζούγκλας,Μινιατούρες,http://bullyshop.gr/sites/bullyshop.gr/files/images/products/bu063588.jpg
BU063589,Ελέφαντας Ινδίας 9εκ.,"5,20€",,Ζωϊκό Βασίλειο,Ζώα της ζούγκλας,Μινιατούρες,http://bullyshop.gr/sites/bullyshop.gr/files/images/products/bu063589.jpg
BU063591,"Θηριοδαμάστρια ""Kelly""","5,85€",,Χαρακτήρες,Σύγχρονη ζωή,Μινιατούρες,http://bullyshop.gr/sites/bullyshop.gr/files/images/products/bu063591.jpg
BU063594,Μητέρα χιμπατζής με μωρό,"6,50€",,Ζωϊκό Βασίλειο,Ζώα της ζούγκλας,Μινιατούρες,http://bullyshop.gr/sites/bullyshop.gr/files/images/products/bu063594.jpg
BU063601,Λιοντάρι,"4,30€",,Ζωϊκό Βασίλειο,Ζώα της ζούγκλας,Μινιατούρες,http://bullyshop.gr/sites/bullyshop.gr/files/images/products/bu063601.jpg
BU063602,Πάνθηρας,"8,12€",,Ζωϊκό Βασίλειο,Ζώα της ζούγκλας,Μινιατούρες,http://bullyshop.gr/sites/bullyshop.gr/files/images/products/bu063602.jpg
BU063603,Πάνθηρας 10cm,"4,30€",,Ζωϊκό Βασίλειο,Ζώα της ζούγκλας,Μινιατούρες,http://bullyshop.gr/sites/bullyshop.gr/files/images/products/bu063603.jpg
BU063608,Τάρανδος,"8,12€",,Ζωϊκό Βασίλειο,Ζώα του δάσους,Μινιατούρες,http://bullyshop.gr/sites/bullyshop.gr/files/images/products/bu063608.jpg
BU063609,Λέαινα 16εκ,"8,12€",,Ζωϊκό Βασίλειο,Ζώα της ζούγκλας,Μινιατούρες,http://bullyshop.gr/sites/bullyshop.gr/files/images/products/bu063609.jpg
BU063612,Αλλιγάτορας,"6,50€",,Ζωϊκό Βασίλειο,Ερπετά,Μινιατούρες,http://bullyshop.gr/sites/bullyshop.gr/files/images/products/bu063612.jpg
BU063613,Μικρός αλλιγάτορας,"5,20€",,Ζωϊκό Βασίλειο,Ερπετά,Μινιατούρες,http://bullyshop.gr/sites/bullyshop.gr/files/images/products/bu063613.jpg
BU063616,Ιπποπόταμος 18cm,"12,19€",,Ζωϊκό Βασίλειο,Ζώα της ζούγκλας,Μινιατούρες,http://bullyshop.gr/sites/bullyshop.gr/files/images/products/bu063616.jpg
BU063617,Ιπποπόταμος μικρός,"5,20€",,Ζωϊκό Βασίλειο,Ζώα της ζούγκλας,Μινιατούρες,http://bullyshop.gr/sites/bullyshop.gr/files/images/products/bu063617.jpg
BU063619,Αρκουδάκι καφέ,"4,30€",,Ζωϊκό Βασίλειο,Ζώα του δάσους,Μινιατούρες,http://bullyshop.gr/sites/bullyshop.gr/files/images/products/bu063619.jpg
BU063620,Θαλάσσια χελώνα,"5,20€",,Ζωϊκό Βασίλειο,Θαλάσσια είδη,Μινιατούρες,http://bullyshop.gr/sites/bullyshop.gr/files/images/products/bu063620.jpg
BU063623,Μωρό ελέφαντας Emil,"4,30€",,Ζωϊκό Βασίλειο,Μωρά,Μινιατούρες,http://bullyshop.gr/sites/bullyshop.gr/files/images/products/bu063623.jpg
BU063624,Μωρό πολική αρκούδα Elisa,"4,30€",,Ζωϊκό Βασίλειο,"Εσκιμώοι, Μωρά",Μινιατούρες,http://bullyshop.gr/sites/bullyshop.gr/files/images/products/bu063624.jpg
BU063632,Μινιατούρα γαϊδουράκι,"4,30€",Άμεσα διαθέσιμο,Ζωϊκό Βασίλειο,Ζώα της φάρμας,Μινιατούρες,http://bullyshop.gr/sites/bullyshop.gr/files/images/products/bu063632_0.jpg
BU063651,Οκαπί,"6,50€",,Ζωϊκό Βασίλειο,Ζώα της ζούγκλας,Μινιατούρες,http://bullyshop.gr/sites/bullyshop.gr/files/images/products/bu063651.jpg
BU063652,Μωρό Οκαπί,"4,30€",,Ζωϊκό Βασίλειο,Ζώα της ζούγκλας,Μινιατούρες,http://bullyshop.gr/sites/bullyshop.gr/files/images/products/bu063652.jpg
BU063653,Μινιατούρα φλαμίνγκο,"4,30€",Άμεσα διαθέσιμο,Ζωϊκό Βασίλειο,Πουλιά,Μινιατούρες,http://bullyshop.gr/sites/bullyshop.gr/files/images/products/bu063653.jpg
BU063654,Αρσενικό Ζεμπού,"6,50€",,Ζωϊκό Βασίλειο,Ζώα της ζούγκλας,Μινιατούρες,http://bullyshop.gr/sites/bullyshop.gr/files/images/products/bu063654.jpg
BU063655,Νεαρό Ζεμπού,"4,30€",,Ζωϊκό Βασίλειο,Ζώα της ζούγκλας,Μινιατούρες,http://bullyshop.gr/sites/bullyshop.gr/files/images/products/bu063655.jpg
BU063656,Γκρι φώκια,"6,50€",,Ζωϊκό Βασίλειο,"Εσκιμώοι, Θαλάσσια είδη",Μινιατούρες,http://bullyshop.gr/sites/bullyshop.gr/files/images/products/bu063656.jpg
BU063657,Μινιατούρα Ασιατική μαύρη αρκούδα,"6,50€",Άμεσα διαθέσιμο,Ζωϊκό Βασίλειο,Ζώα του δάσους,Μινιατούρες,http://bullyshop.gr/sites/bullyshop.gr/files/images/products/bu063657.jpg
BU063658,Μινιατούρα Ασιατικό μαύρο Αρκουδάκι,"4,30€",Άμεσα διαθέσιμο,Ζωϊκό Βασίλειο,Ζώα του δάσους,Μινιατούρες,http://bullyshop.gr/sites/bullyshop.gr/files/images/products/bu063658.jpg
BU063659,Αφρικανικός ελέφαντας,"5,20€",,Ζωϊκό Βασίλειο,Ζώα της ζούγκλας,Μινιατούρες,http://bullyshop.gr/sites/bullyshop.gr/files/images/products/bu063659.jpg
BU063660,Πολική αρκούδα με τα μωρά της,"8,12€",,Ζωϊκό Βασίλειο,"Εσκιμώοι, Θαλάσσια είδη",Μινιατούρες,http://bullyshop.gr/sites/bullyshop.gr/files/images/products/bu063660.jpg
BU063661,Σαλάχι,"6,50€",,Ζωϊκό Βασίλειο,Θαλάσσια είδη,Μινιατούρες,http://bullyshop.gr/sites/bullyshop.gr/files/images/products/bu063661.jpg
BU063662,Αγέλη απο λεοπαρδαλάκια,"4,30€",,Ζωϊκό Βασίλειο,Ζώα της ζούγκλας,Μινιατούρες,http://bullyshop.gr/sites/bullyshop.gr/files/images/products/bu063662.jpg
BU063663,Λιονταράκια,"4,30€",,Ζωϊκό Βασίλειο,Ζώα της ζούγκλας,Μινιατούρες,http://bullyshop.gr/sites/bullyshop.gr/files/images/products/bu063663.jpg
BU063664,Μωρά τιγράκια,"5,20€",,Ζωϊκό Βασίλειο,Ζώα της ζούγκλας,Μινιατούρες,http://bullyshop.gr/sites/bullyshop.gr/files/images/products/bu063664.jpg
BU063665,Αγέλη απο μαγκούστα,"4,30€",,Ζωϊκό Βασίλειο,Ζώα της ζούγκλας,Μινιατούρες,http://bullyshop.gr/sites/bullyshop.gr/files/images/products/bu063665.jpg
BU063666,Γκρι φώκια μωρό,"4,30€",,Ζωϊκό Βασίλειο,"Εσκιμώοι, Θαλάσσια είδη",Μινιατούρες,http://bullyshop.gr/sites/bullyshop.gr/files/images/products/bu063666.jpg
BU063667,Μινιατούρα αυτοκρατορικός πιγκουίνος με το μικρό του,"6,50€",Άμεσα διαθέσιμο,Ζωϊκό Βασίλειο,Θαλάσσια είδη,Μινιατούρες,http://bullyshop.gr/sites/bullyshop.gr/files/images/products/bu063667.jpg
BU063668,Μινιατούρα καμηλοπάρδαλη,"10,56€",Άμεσα διαθέσιμο,Ζωϊκό Βασίλειο,Ζώα της ζούγκλας,Μινιατούρες,http://bullyshop.gr/sites/bullyshop.gr/files/images/products/bu063668.jpg
BU063669,Μινιατούρα καμηλοπάρδαλη καθιστή,"5,20€",Άμεσα διαθέσιμο,Ζωϊκό Βασίλειο,Ζώα της ζούγκλας,Μινιατούρες,http://bullyshop.gr/sites/bullyshop.gr/files/images/products/bu063669.jpg
BU063671,Μινιατούρα θαλάσσιο λιοντάρι,"6,50€",Άμεσα διαθέσιμο,Ζωϊκό Βασίλειο,Θαλάσσια είδη,Μινιατούρες,http://bullyshop.gr/sites/bullyshop.gr/files/images/products/bu063671.jpg
BU063675,Μινιατούρα zebra,"5,85€",Άμεσα διαθέσιμο,Ζωϊκό Βασίλειο,Ζώα της ζούγκλας,Μινιατούρες,http://bullyshop.gr/sites/bullyshop.gr/files/images/products/bu063675.jpg
BU063676,Μινιατούρα zebra μωρό,"3,41€",Άμεσα διαθέσιμο,Ζωϊκό Βασίλειο,Ζώα της ζούγκλας,Μινιατούρες,http://bullyshop.gr/sites/bullyshop.gr/files/images/products/bu063676.jpg
BU063678,Μινιατούρα Panda,"5,85€",Άμεσα διαθέσιμο,Ζωϊκό Βασίλειο,Ζώα της ζούγκλας,Μινιατούρες,http://bullyshop.gr/sites/bullyshop.gr/files/images/products/bu063678.jpg
BU063679,Μινιατούρα Panda μικρό,"3,41€",Άμεσα διαθέσιμο,Ζωϊκό Βασίλειο,Ζώα της ζούγκλας,Μινιατούρες,http://bullyshop.gr/sites/bullyshop.gr/files/images/products/bu063679.jpg
BU063680,Μινιατούρα λιοντάρι,"5,85€",Άμεσα διαθέσιμο,Ζωϊκό Βασίλειο,Ζώα της ζούγκλας,Μινιατούρες,http://bullyshop.gr/sites/bullyshop.gr/files/images/products/bu063680.jpg
BU063681,Μινιατούρα λέαινα,"5,85€",Άμεσα διαθέσιμο,Ζωϊκό Βασίλειο,Ζώα της ζούγκλας,Μινιατούρες,http://bullyshop.gr/sites/bullyshop.gr/files/images/products/bu063681.jpg
BU063682,Μινιατούρα λιονταράκι,"3,41€",Άμεσα διαθέσιμο,Ζωϊκό Βασίλειο,Ζώα της ζούγκλας,Μινιατούρες,http://bullyshop.gr/sites/bullyshop.gr/files/images/products/bu063682.jpg
BU063683,Μινιατούρα τίγρης,"5,85€",Άμεσα διαθέσιμο,Ζωϊκό Βασίλειο,Ζώα της ζούγκλας,Μινιατούρες,http://bullyshop.gr/sites/bullyshop.gr/files/images/products/bu063683.jpg
BU063684,Μινιατούρα τίγρης μικρό,"3,41€",Άμεσα διαθέσιμο,Ζωϊκό Βασίλειο,Ζώα της ζούγκλας,Μινιατούρες,http://bullyshop.gr/sites/bullyshop.gr/files/images/products/bu063684.jpg
BU063685,Μινιατούρα Ελέφαντας African,"10,56€",Άμεσα διαθέσιμο,Ζωϊκό Βασίλειο,Ζώα της ζούγκλας,Μινιατούρες,http://bullyshop.gr/sites/bullyshop.gr/files/images/products/bu063685.jpg
BU063687,Μινιατούρα τίγρης ασπρόμαυρη,"5,85€",Άμεσα διαθέσιμο,Ζωϊκό Βασίλειο,Ζώα της ζούγκλας,Μινιατούρες,http://bullyshop.gr/sites/bullyshop.gr/files/images/products/bu063687.jpg
BU063688,Μινιατούρα τίγρης ασπρόμαυρο μικρό,"3,41€",Άμεσα διαθέσιμο,Ζωϊκό Βασίλειο,Ζώα της ζούγκλας,Μινιατούρες,http://bullyshop.gr/sites/bullyshop.gr/files/images/products/bu063688.jpg
BU063689,Μινιατούρα αλλιγάτορας μικρός,"4,30€",Άμεσα διαθέσιμο,Ζωϊκό Βασίλειο,Ερπετά,Μινιατούρες,http://bullyshop.gr/sites/bullyshop.gr/files/images/products/bu063689.jpg
BU063690,Μινιατούρα αλλιγάτορας,"6,50€",Άμεσα διαθέσιμο,Ζωϊκό Βασίλειο,Ερπετά,Μινιατούρες,http://bullyshop.gr/sites/bullyshop.gr/files/images/products/bu063690.jpg
BU063691,"Μινιατούρα ιπποπόταμος 14,8 εκ","6,50€",Άμεσα διαθέσιμο,Ζωϊκό Βασίλειο,Ζώα του δάσους,Μινιατούρες,http://bullyshop.gr/sites/bullyshop.gr/files/images/products/bu063691.jpg
BU063695,Μινιατούρα δράκος komodo 18.5εκ,"6,50€",Άμεσα διαθέσιμο,Ζωϊκό Βασίλειο,Ερπετά,Μινιατούρες,http://bullyshop.gr/sites/bullyshop.gr/files/images/products/bu063695.jpg
BU063853,Soft play τίγρης 14εκ.,"18,69€",,Ζωϊκό Βασίλειο,Ζώα της ζούγκλας,"Μινιατούρες, Soft",http://bullyshop.gr/sites/bullyshop.gr/files/images/products/bu063853.jpg
BU063855,Soft play ιπποπόταμος (15 εκ.),"18,69€",,Ζωϊκό Βασίλειο,Ζώα της ζούγκλας,"Μινιατούρες, Soft",http://bullyshop.gr/sites/bullyshop.gr/files/images/products/bu063855.jpg
BU064359,"Λαγός (4,5 εκ.)","3,41€",,Ζωϊκό Βασίλειο,Ζώα του δάσους,Μινιατούρες,http://bullyshop.gr/sites/bullyshop.gr/files/images/products/bu064359.jpg
BU064375,Σαλιγκάρι,"5,20€",,Ζωϊκό Βασίλειο,Ερπετά,Μινιατούρες,http://bullyshop.gr/sites/bullyshop.gr/files/images/products/bu064375.jpg
BU064386,Τάρανδος,"5,20€",,Ζωϊκό Βασίλειο,Ζώα του δάσους,Μινιατούρες,http://bullyshop.gr/sites/bullyshop.gr/files/images/products/bu064386.jpg
BU064396,Αγριογούρουνο μικρό (5 εκ.),"3,41€",,Ζωϊκό Βασίλειο,Ζώα του δάσους,Μινιατούρες,http://bullyshop.gr/sites/bullyshop.gr/files/images/products/bu064396.jpg
BU064401,Σκαντζόχοιρος (4 εκ.),"3,41€",,Ζωϊκό Βασίλειο,Ζώα του δάσους,Μινιατούρες,http://bullyshop.gr/sites/bullyshop.gr/files/images/products/bu064401.jpg
BU064422,Ελαφίνα,"5,20€",,Ζωϊκό Βασίλειο,Ζώα του δάσους,Μινιατούρες,http://bullyshop.gr/sites/bullyshop.gr/files/images/products/bu064422.jpg
BU064423,"Σκίουρος (5,5 εκ.)","3,41€",,Ζωϊκό Βασίλειο,Ζώα του δάσους,Μινιατούρες,http://bullyshop.gr/sites/bullyshop.gr/files/images/products/bu064423.jpg
BU064433,Ελάφι κόκκινο,"5,85€",,Ζωϊκό Βασίλειο,Ζώα του δάσους,Μινιατούρες,http://bullyshop.gr/sites/bullyshop.gr/files/images/products/bu064433.jpg
BU064436,Ζαρκάδι αρσενικό,"4,30€",,Ζωϊκό Βασίλειο,Ζώα του δάσους,Μινιατούρες,http://bullyshop.gr/sites/bullyshop.gr/files/images/products/bu064436.jpg
BU064437,Ελάφι θηλυκό,"4,30€",,Ζωϊκό Βασίλειο,Ζώα του δάσους,Μινιατούρες,http://bullyshop.gr/sites/bullyshop.gr/files/images/products/bu064437.jpg
BU064438,Ελαφάκι,"3,41€",,Ζωϊκό Βασίλειο,Ζώα του δάσους,Μινιατούρες,http://bullyshop.gr/sites/bullyshop.gr/files/images/products/bu064438.jpg
BU064440,Παρατηρητήριο κυνηγού,"18,69€",,Ζωϊκό Βασίλειο,Ζώα του δάσους,Μινιατούρες,http://bullyshop.gr/sites/bullyshop.gr/files/images/products/bu064440.jpg
BU064445,Αλεπού,"3,41€",,Ζωϊκό Βασίλειο,Ζώα του δάσους,Μινιατούρες,http://bullyshop.gr/sites/bullyshop.gr/files/images/products/bu064445.jpg
BU064446,Αγριογούρουνο,"4,30€",,Ζωϊκό Βασίλειο,Ζώα του δάσους,Μινιατούρες,http://bullyshop.gr/sites/bullyshop.gr/files/images/products/bu064446.jpg
BU064447,Μωρά αλεπούς,"4,30€",,Ζωϊκό Βασίλειο,Ζώα του δάσους,Μινιατούρες,http://bullyshop.gr/sites/bullyshop.gr/files/images/products/bu064447.jpg
BU064448,Ελαφίνα,"3,41€",,Ζωϊκό Βασίλειο,Ζώα του δάσους,Μινιατούρες,http://bullyshop.gr/sites/bullyshop.gr/files/images/products/bu064448.jpg
BU064449,Μινιατούρα λύγκας,"5,20€",Άμεσα διαθέσιμο,Ζωϊκό Βασίλειο,Ζώα του δάσους,Μινιατούρες,http://bullyshop.gr/sites/bullyshop.gr/files/images/products/bu064449.jpg
BU064451,Μινιατούρα ελάφι,"5,85€",Άμεσα διαθέσιμο,Ζωϊκό Βασίλειο,Ζώα του δάσους,Μινιατούρες,http://bullyshop.gr/sites/bullyshop.gr/files/images/products/bu064451.jpg
BU064454,Μινιατούρα βουβάλι,"5,85€",Άμεσα διαθέσιμο,Ζωϊκό Βασίλειο,Ζώα του δάσους,Μινιατούρες,http://bullyshop.gr/sites/bullyshop.gr/files/images/products/bu064454.jpg
BU064455,Μινιατούρα marmotta,"3,41€",Άμεσα διαθέσιμο,Ζωϊκό Βασίλειο,Ζώα του δάσους,Μινιατούρες,http://bullyshop.gr/sites/bullyshop.gr/files/images/products/bu064455.jpg
BU064456,Μινιατούρα κάστορας 5εκ,"3,41€",Άμεσα διαθέσιμο,Ζωϊκό Βασίλειο,Ζώα του δάσους,Μινιατούρες,http://bullyshop.gr/sites/bullyshop.gr/files/images/products/bu064456.jpg
BU064457,Μινιατούρα ασβός 8εκ,"4,30€",Άμεσα διαθέσιμο,Ζωϊκό Βασίλειο,Ζώα του δάσους,Μινιατούρες,http://bullyshop.gr/sites/bullyshop.gr/files/images/products/bu064457.jpg
BU064462,Μινιατούρα Ενυδρίδα,"3,41€",Άμεσα διαθέσιμο,Ζωϊκό Βασίλειο,Ζώα του δάσους,Μινιατούρες,http://bullyshop.gr/sites/bullyshop.gr/files/images/products/bu064462.jpg
BU065009,Μινιατούρα σκυλόσπιτο με μπολ,"10,56€",Άμεσα διαθέσιμο,Ζωϊκό Βασίλειο,Ζώα της φάρμας,Μινιατούρες,http://bullyshop.gr/sites/bullyshop.gr/files/images/products/bu065009.jpg
BU065381,Σκύλος γερμανικός Rex,"5,85€",,Ζωϊκό Βασίλειο,Κατοικίδια,Μινιατούρες,http://bullyshop.gr/sites/bullyshop.gr/files/images/products/bu065381.jpg
BU065382,"Σκύλος Golden Vinnie (10,5 εκ.)","5,85€",,Ζωϊκό Βασίλειο,Κατοικίδια,Μινιατούρες,http://bullyshop.gr/sites/bullyshop.gr/files/images/products/bu065382.jpg
BU065400,Μινιατούρα ροτβάιλερ καθιστό,"5,85€",Άμεσα διαθέσιμο,Ζωϊκό Βασίλειο,Ζώα της φάρμας,Μινιατούρες,http://bullyshop.gr/sites/bullyshop.gr/files/images/products/bu065400.jpg
BU065401,Μινιατούρα ροτβαίλερ κουτάβι,"4,30€",Άμεσα διαθέσιμο,Ζωϊκό Βασίλειο,Ζώα της φάρμας,Μινιατούρες,http://bullyshop.gr/sites/bullyshop.gr/files/images/products/bu065401.jpg
BU065424,Κυνηγόσκυλο Henry,"4,30€",,Ζωϊκό Βασίλειο,Κατοικίδια,Μινιατούρες,http://bullyshop.gr/sites/bullyshop.gr/files/images/products/bu065424.jpg
BU065425,Σκύλος Μολοσσός 6εκ,"4,30€",,Ζωϊκό Βασίλειο,Κατοικίδια,Μινιατούρες,http://bullyshop.gr/sites/bullyshop.gr/files/images/products/bu065425.jpg
BU065426,Κουταβάκι Δαλματίας Sugar,"3,41€",,Ζωϊκό Βασίλειο,Κατοικίδια,Μινιατούρες,http://bullyshop.gr/sites/bullyshop.gr/files/images/products/bu065426.jpg
BU065427,Κουτάβι golden Retriever Sunny,"3,41€",,Ζωϊκό Βασίλειο,Κατοικίδια,Μινιατούρες,http://bullyshop.gr/sites/bullyshop.gr/files/images/products/bu065427.jpg
BU065429,Κουταβάκι German Shepherd Rocky,"3,41€",,Ζωϊκό Βασίλειο,Κατοικίδια,Μινιατούρες,http://bullyshop.gr/sites/bullyshop.gr/files/images/products/bu065429.jpg
BU065431,Κουτάβι Αγίου Βερνάρδου,"3,41€",,Ζωϊκό Βασίλειο,Κατοικίδια,Μινιατούρες,http://bullyshop.gr/sites/bullyshop.gr/files/images/products/bu065431.jpg
BU065432,Κουταβάκι Λαμπραντόρ,"3,41€",,Ζωϊκό Βασίλειο,Κατοικίδια,Μινιατούρες,http://bullyshop.gr/sites/bullyshop.gr/files/images/products/bu065432.jpg
BU065433,Σκύλος Αγίου Βερνάρδου Ben,"5,85€",,Ζωϊκό Βασίλειο,Κατοικίδια,Μινιατούρες,http://bullyshop.gr/sites/bullyshop.gr/files/images/products/bu065433.jpg
BU065434,Σκύλος Λαμπραντόρ Jenny,"5,85€",,Ζωϊκό Βασίλειο,Κατοικίδια,Μινιατούρες,http://bullyshop.gr/sites/bullyshop.gr/files/images/products/bu065434.jpg
BU065436,Τσομπανόσκυλο,"5,85€",,Ζωϊκό Βασίλειο,Κατοικίδια,Μινιατούρες,http://bullyshop.gr/sites/bullyshop.gr/files/images/products/bu065436.jpg
BU065437,Μινιατούρα τσομπανόσκυλο κουτάβι,"3,41€",Άμεσα διαθέσιμο,Ζωϊκό Βασίλειο,Ζώα της φάρμας,Μινιατούρες,http://bullyshop.gr/sites/bullyshop.gr/files/images/products/bu065437.jpg
BU065438,Κουτάβι Μολοσσός,"3,41€",,Ζωϊκό Βασίλειο,Κατοικίδια,Μινιατούρες,http://bullyshop.gr/sites/bullyshop.gr/files/images/products/bu065438.jpg
BU065439,Κουτάβι Δανός,"3,41€",,Ζωϊκό Βασίλειο,Κατοικίδια,Μινιατούρες,http://bullyshop.gr/sites/bullyshop.gr/files/images/products/bu065439.jpg
BU065440,Μινιατούρα σκύλος τσιουάουα,"4,30€",Άμεσα διαθέσιμο,Ζωϊκό Βασίλειο,Ζώα της φάρμας,Μινιατούρες,http://bullyshop.gr/sites/bullyshop.gr/files/images/products/bu065440.jpg
BU065441,Μινιατούρα σκύλος λουκάνικο,"4,30€",Άμεσα διαθέσιμο,Ζωϊκό Βασίλειο,Ζώα της φάρμας,Μινιατούρες,http://bullyshop.gr/sites/bullyshop.gr/files/images/products/bu065441.jpg
BU065442,"Μινιατούρα σκύλος""Rhodesian ridgeback nelson""","5,85€",Άμεσα διαθέσιμο,Ζωϊκό Βασίλειο,Ζώα της φάρμας,Μινιατούρες,http://bullyshop.gr/sites/bullyshop.gr/files/images/products/bu065442.jpg
BU065444,Μινιατούρα σκύλος Collie Lassie,"5,20€",Άμεσα διαθέσιμο,Ζωϊκό Βασίλειο,Ζώα της φάρμας,Μινιατούρες,http://bullyshop.gr/sites/bullyshop.gr/files/images/products/bu065444.jpg
BU065446,Μινιατούρα σκύλος Labrador Jenny,"5,20€",Άμεσα διαθέσιμο,Ζωϊκό Βασίλειο,Ζώα της φάρμας,Μινιατούρες,http://bullyshop.gr/sites/bullyshop.gr/files/images/products/bu065446.jpg
BU065448,Μινιατούρα σκύλος German shepherd Rex,"5,20€",Άμεσα διαθέσιμο,Ζωϊκό Βασίλειο,Ζώα της φάρμας,Μινιατούρες,http://bullyshop.gr/sites/bullyshop.gr/files/images/products/bu065448.jpg
BU065450,Μινιατούρα γερμανικό Boxer,"5,20€",Άμεσα διαθέσιμο,Ζωϊκό Βασίλειο,Ζώα της φάρμας,Μινιατούρες,http://bullyshop.gr/sites/bullyshop.gr/files/images/products/bu065450.jpg
BU066361,Γάτα Max,"4,30€",,Ζωϊκό Βασίλειο,Κατοικίδια,Μινιατούρες,http://bullyshop.gr/sites/bullyshop.gr/files/images/products/bu066361.jpg
BU066362,Γάτα Moritz,"4,30€",,Ζωϊκό Βασίλειο,Κατοικίδια,Μινιατούρες,http://bullyshop.gr/sites/bullyshop.gr/files/images/products/bu066362.jpg
BU066363,Γάτα Minka,"4,30€",,Ζωϊκό Βασίλειο,Κατοικίδια,Μινιατούρες,http://bullyshop.gr/sites/bullyshop.gr/files/images/products/bu066363.jpg
BU066365,Γάτα Princess,"4,30€",,Ζωϊκό Βασίλειο,Κατοικίδια,Μινιατούρες,http://bullyshop.gr/sites/bullyshop.gr/files/images/products/bu066365.jpg
BU066370,Γάτα Kimmy,"4,30€",,Ζωϊκό Βασίλειο,Κατοικίδια,Μινιατούρες,http://bullyshop.gr/sites/bullyshop.gr/files/images/products/bu066370.jpg
BU066371,Μινιατούρα γάτα Αμερικής,"4,30€",Άμεσα διαθέσιμο,Ζωϊκό Βασίλειο,Ζώα της φάρμας,Μινιατούρες,http://bullyshop.gr/sites/bullyshop.gr/files/images/products/bu066371.jpg
BU066372,Μινιατούρα γάτα Ρώσικη Minou,"4,30€",Άμεσα διαθέσιμο,Ζωϊκό Βασίλειο,Ζώα της φάρμας,Μινιατούρες,http://bullyshop.gr/sites/bullyshop.gr/files/images/products/bu066372.jpg
BU067409,Όρκα,"6,50€",,Ζωϊκό Βασίλειο,Θαλάσσια είδη,Μινιατούρες,http://bullyshop.gr/sites/bullyshop.gr/files/images/products/bu067409.jpg
BU067410,Καρχαρίας λευκός,"5,85€",,Ζωϊκό Βασίλειο,Θαλάσσια είδη,Μινιατούρες,http://bullyshop.gr/sites/bullyshop.gr/files/images/products/bu067410.jpg
BU067411,Μπλε καρχαρίας,"5,85€",,Ζωϊκό Βασίλειο,Θαλάσσια είδη,Μινιατούρες,http://bullyshop.gr/sites/bullyshop.gr/files/images/products/bu067411.jpg
BU067412,Δελφίνι,"5,85€",,Ζωϊκό Βασίλειο,Θαλάσσια είδη,Μινιατούρες,http://bullyshop.gr/sites/bullyshop.gr/files/images/products/bu067412.jpg
BU067413,Μινιατούρα Φάλαινα καρχαρίας,"6,50€",Άμεσα διαθέσιμο,Ζωϊκό Βασίλειο,Θαλάσσια είδη,Μινιατούρες,http://bullyshop.gr/sites/bullyshop.gr/files/images/products/bu067413.jpg
BU067414,Μινιατούρα Μεγάπτερη φάλαινα,"6,50€",Άμεσα διαθέσιμο,Ζωϊκό Βασίλειο,Θαλάσσια είδη,Μινιατούρες,http://bullyshop.gr/sites/bullyshop.gr/files/images/products/bu067414.jpg
BU067415,Μινιατούρα Φάλαινα Findback,"6,50€",Άμεσα διαθέσιμο,Ζωϊκό Βασίλειο,Θαλάσσια είδη,Μινιατούρες,http://bullyshop.gr/sites/bullyshop.gr/files/images/products/bu067415.jpg
BU067416,Μινιατούρα φάλαινα Beluga,"5,85€",Άμεσα διαθέσιμο,Ζωϊκό Βασίλειο,Θαλάσσια είδη,Μινιατούρες,http://bullyshop.gr/sites/bullyshop.gr/files/images/products/bu067416.jpg
BU068389,Σκορπιός,"5,20€",,Ζωϊκό Βασίλειο,Ερπετά,Μινιατούρες,http://bullyshop.gr/sites/bullyshop.gr/files/images/products/bu068389.jpg
BU068398,"Βάτραχος μωρό (5,5 εκ.)","3,41€",,Ζωϊκό Βασίλειο,Ερπετά,Μινιατούρες,http://bullyshop.gr/sites/bullyshop.gr/files/images/products/bu068398.jpg
BU068401,Μινιατούρα βάτραχος δέντρων,"5,20€",Άμεσα διαθέσιμο,Ζωϊκό Βασίλειο,Ερπετά,Μινιατούρες,http://bullyshop.gr/sites/bullyshop.gr/files/images/products/bu068401.jpg
BU068430,Αράχνη Wolf (12 εκ.),"5,85€",,Ζωϊκό Βασίλειο,Αράχνες,Μινιατούρες,http://bullyshop.gr/sites/bullyshop.gr/files/images/products/bu068430.jpg
BU068440,Νυχτερίδα μεγάλη (26 εκ.),"5,20€",,Ζωϊκό Βασίλειο,Πουλιά,Μινιατούρες,http://bullyshop.gr/sites/bullyshop.gr/files/images/products/bu068440.jpg
BU068441,Νυχτερίδα μικρή 14εκ.,"3,41€",,Ζωϊκό Βασίλειο,Πουλιά,Μινιατούρες,http://bullyshop.gr/sites/bullyshop.gr/files/images/products/bu068441.jpg
BU068453,Ταραντούλα (13 εκ.),"5,85€",,,Αράχνες,,http://bullyshop.gr/sites/bullyshop.gr/files/images/products/bu068453.jpg
BU068454,Αράχνη χωνί Αυστραλίας,"5,85€",,,Αράχνες,,http://bullyshop.gr/sites/bullyshop.gr/files/images/products/bu068454.jpg
BU068455,Πράσινη αράχνη,"5,85€",,Ζωϊκό Βασίλειο,Αράχνες,,http://bullyshop.gr/sites/bullyshop.gr/files/images/products/bu068455.jpg
BU068481,Κόμπρα (20 εκ.),"5,20€",,Ζωϊκό Βασίλειο,Ερπετά,Μινιατούρες,http://bullyshop.gr/sites/bullyshop.gr/files/images/products/bu068481.jpg
BU068482,Βόας (20 εκ.),"5,20€",,Ζωϊκό Βασίλειο,Ερπετά,Μινιατούρες,http://bullyshop.gr/sites/bullyshop.gr/files/images/products/bu068482.jpg
BU068485,Μινιατούρα αλμπίνος πίθωνας,"5,20€",Άμεσα διαθέσιμο,Ζωϊκό Βασίλειο,Ερπετά,Μινιατούρες,http://bullyshop.gr/sites/bullyshop.gr/files/images/products/bu068485.jpg
BU068487,Μινιατούρα φίδι Black mamba,"5,20€",Άμεσα διαθέσιμο,Ζωϊκό Βασίλειο,Ερπετά,Μινιατούρες,http://bullyshop.gr/sites/bullyshop.gr/files/images/products/bu068487.jpg
BU068488,Μινιατούρα σαύρα Common collared lizard,"5,20€",Άμεσα διαθέσιμο,Ζωϊκό Βασίλειο,Ερπετά,Μινιατούρες,http://bullyshop.gr/sites/bullyshop.gr/files/images/products/bu068488.jpg
BU068492,Ιγκούανα 13 εκ.,"5,85€",,Ζωϊκό Βασίλειο,Ερπετά,Μινιατούρες,http://bullyshop.gr/sites/bullyshop.gr/files/images/products/bu068492.jpg
BU068493,Σαλαμάνδρα μαύρη-κίτρινη (11 εκ.),"5,85€",,Ζωϊκό Βασίλειο,Ερπετά,Μινιατούρες,http://bullyshop.gr/sites/bullyshop.gr/files/images/products/bu068493.jpg
BU068495,Thomy Devil,"5,85€",,Ζωϊκό Βασίλειο,Ερπετά,Μινιατούρες,http://bullyshop.gr/sites/bullyshop.gr/files/images/products/bu068495.jpg
BU068496,Δράκος (11 εκ.),"5,85€",,Ζωϊκό Βασίλειο,Ερπετά,Μινιατούρες,http://bullyshop.gr/sites/bullyshop.gr/files/images/products/bu068496.jpg
BU068497,Σαύρα Γκέκο,"5,85€",,Ζωϊκό Βασίλειο,Ερπετά,Μινιατούρες,http://bullyshop.gr/sites/bullyshop.gr/files/images/products/bu068497.jpg
BU068498,Χαμελαίων,"5,85€",,Ζωϊκό Βασίλειο,Ερπετά,Μινιατούρες,http://bullyshop.gr/sites/bullyshop.gr/files/images/products/bu068498.jpg
BU068499,Μινιατούρα Σαύρα Ιησού Χριστού,"5,85€",Άμεσα διαθέσιμο,Ζωϊκό Βασίλειο,Ερπετά,Μινιατούρες,http://bullyshop.gr/sites/bullyshop.gr/files/images/products/bu068499.jpg
BU068514,Μινιατούρα σαύρα κροσσώτος,"5,85€",Άμεσα διαθέσιμο,Ζωϊκό Βασίλειο,Ερπετά,Μινιατούρες,http://bullyshop.gr/sites/bullyshop.gr/files/images/products/bu068514.jpg
BU068515,Μινιατούρα βάτραχος μπλε δηλητηριώδης,"3,41€",Άμεσα διαθέσιμο,Ζωϊκό Βασίλειο,Ερπετά,Μινιατούρες,http://bullyshop.gr/sites/bullyshop.gr/files/images/products/bu068515.jpg
BU068516,Μινιατούρα βάτραχος κoκκινομάτης,"4,30€",Άμεσα διαθέσιμο,Ζωϊκό Βασίλειο,Ερπετά,Μινιατούρες,http://bullyshop.gr/sites/bullyshop.gr/files/images/products/bu068516.jpg
BU068517,Μινιατούρα βάτραχος δηλητηριώδες,"4,30€",Άμεσα διαθέσιμο,Ζωϊκό Βασίλειο,Ερπετά,Μινιατούρες,http://bullyshop.gr/sites/bullyshop.gr/files/images/products/bu068517.jpg
BU069350,Γύπας (16 εκ.),"5,85€",,Ζωϊκό Βασίλειο,Πουλιά,Μινιατούρες,http://bullyshop.gr/sites/bullyshop.gr/files/images/products/bu069350.jpg
BU069351,Αετός λευκοκέφαλος,"5,85€",,Ζωϊκό Βασίλειο,Πουλιά,Μινιατούρες,http://bullyshop.gr/sites/bullyshop.gr/files/images/products/bu069351.jpg
BU069352,Κουκουβάγια (6 εκ.),"4,30€",,Ζωϊκό Βασίλειο,Πουλιά,Μινιατούρες,http://bullyshop.gr/sites/bullyshop.gr/files/images/products/bu069352.jpg
BU069354,Κουκουβάγια λευκή,"4,30€",,Ζωϊκό Βασίλειο,Πουλιά,Μινιατούρες,http://bullyshop.gr/sites/bullyshop.gr/files/images/products/bu069354.jpg
BU069356,"Γεράκι (10,5 εκ.)","4,30€",,Ζωϊκό Βασίλειο,Πουλιά,Μινιατούρες,http://bullyshop.gr/sites/bullyshop.gr/files/images/products/bu069356.jpg
BU069360,Αετός (8 εκ.),"5,20€",,Ζωϊκό Βασίλειο,Πουλιά,Μινιατούρες,http://bullyshop.gr/sites/bullyshop.gr/files/images/products/bu069360.jpg
BU069381,Παπαγάλος (10 εκ.),"4,30€",,Ζωϊκό Βασίλειο,Πουλιά,Μινιατούρες,http://bullyshop.gr/sites/bullyshop.gr/files/images/products/bu069381.jpg
BU069382,Γύπας μαύρος,"5,85€",,Ζωϊκό Βασίλειο,Πουλιά,Μινιατούρες,http://bullyshop.gr/sites/bullyshop.gr/files/images/products/bu069382.jpg
BU069384,Κουκουβάγια γκρι,"5,20€",,Ζωϊκό Βασίλειο,Πουλιά,Μινιατούρες,http://bullyshop.gr/sites/bullyshop.gr/files/images/products/bu069384.jpg
BU069385,Γεράκι,"6,50€",,Ζωϊκό Βασίλειο,Πουλιά,Μινιατούρες,http://bullyshop.gr/sites/bullyshop.gr/files/images/products/bu069385.jpg
BU069386,Γυπαετός,"5,85€",,Ζωϊκό Βασίλειο,Πουλιά,Μινιατούρες,http://bullyshop.gr/sites/bullyshop.gr/files/images/products/bu069386.jpg
BU069387,Παπαγάλος Ίνκα Κακαντού,"5,20€",,Ζωϊκό Βασίλειο,Πουλιά,Μινιατούρες,http://bullyshop.gr/sites/bullyshop.gr/files/images/products/bu069387.jpg
BU069388,Μινιατούρα παπαγάλος Toucan,"5,85€",Άμεσα διαθέσιμο,Ζωϊκό Βασίλειο,Πουλιά,Μινιατούρες,http://bullyshop.gr/sites/bullyshop.gr/files/images/products/bu069388.jpg
BU069389,Μινιατούρα γλάρος,"5,20€",Άμεσα διαθέσιμο,Ζωϊκό Βασίλειο,Πουλιά,Μινιατούρες,http://bullyshop.gr/sites/bullyshop.gr/files/images/products/bu069389.jpg
BU069390,Μινιατούρα παγώνι,"5,20€",Άμεσα διαθέσιμο,Ζωϊκό Βασίλειο,Ζώα του δάσους,Μινιατούρες,http://bullyshop.gr/sites/bullyshop.gr/files/images/products/bu069390.jpg
BU069391,Μινιατούρα πελεκάνος,"5,20€",Άμεσα διαθέσιμο,Ζωϊκό Βασίλειο,Πουλιά,Μινιατούρες,http://bullyshop.gr/sites/bullyshop.gr/files/images/products/bu069391.jpg
BU069395,Κυνηγός με γεράκι,"8,12€",,Χαρακτήρες,Σύγχρονη ζωή,Μινιατούρες,http://bullyshop.gr/sites/bullyshop.gr/files/images/products/bu069395.jpg
BU069396,Μινιατούρα κουκουβάγια,"5,20€",Άμεσα διαθέσιμο,Ζωϊκό Βασίλειο,Πουλιά,Μινιατούρες,http://bullyshop.gr/sites/bullyshop.gr/files/images/products/bu069396.jpg
BU070362,Μπρελόκ Tweety,"6,50€",,Ήρωες,LOONEY TUNES,,http://bullyshop.gr/sites/bullyshop.gr/files/images/products/bu070362.jpg
BU072397,Μπρελόκ Jiminy,"5,28€",,Ήρωες,PINOCCHIO,Μινιατούρες,http://bullyshop.gr/sites/bullyshop.gr/files/images/products/bu072397.jpg
BU072650,Μπρελόκ Peter Pan,"5,28€",,Ήρωες,PETER PAN,Μινιατούρες,http://bullyshop.gr/sites/bullyshop.gr/files/images/products/bu072650.jpg
BU072682,Μπρελόκ Cars Mater,"6,50€",,Ήρωες,CARS 2,Μινιατούρες,http://bullyshop.gr/sites/bullyshop.gr/files/images/products/bu072682.jpg
BU075172,Σπίτι μαγικό,"28,45€",,Χαρακτήρες,Φαντασία,Σετ,http://bullyshop.gr/sites/bullyshop.gr/files/images/products/bu075172.jpg
BU075519,Μονόκερως,"5,85€",,Χαρακτήρες,Φαντασία,Μινιατούρες,http://bullyshop.gr/sites/bullyshop.gr/files/images/products/bu075519.jpg
BU075540,Νεράιδα μπλε με ραβδί,"5,20€",,Χαρακτήρες,Φαντασία,Μινιατούρες,http://bullyshop.gr/sites/bullyshop.gr/files/images/products/bu075540.jpg
BU075541,Φοίνικας (14 εκ.),"5,85€",,Χαρακτήρες,Φαντασία,Μινιατούρες,http://bullyshop.gr/sites/bullyshop.gr/files/images/products/bu075541.jpg
BU075548,Δράκος με 3 κεφάλια,"18,69€",,Χαρακτήρες,Φαντασία,Μινιατούρες,http://bullyshop.gr/sites/bullyshop.gr/files/images/products/bu075548.jpg
BU075561,Ξωτικό Elinias,"5,20€",,Χαρακτήρες,Φαντασία,Μινιατούρες,http://bullyshop.gr/sites/bullyshop.gr/files/images/products/bu075561.jpg
BU075587,Δράκος με καβαλάρη γκρι,"18,69€",,Χαρακτήρες,Φαντασία,Μινιατούρες,http://bullyshop.gr/sites/bullyshop.gr/files/images/products/bu075587.jpg
BU075591,Ιπτάμενος δράκος βυσσινί,"6,50€",,Χαρακτήρες,Φαντασία,Μινιατούρες,http://bullyshop.gr/sites/bullyshop.gr/files/images/products/bu075591.jpg
BU075592,Ιπτάμενος δράκος τιρκουάζ,"6,50€",,Χαρακτήρες,Φαντασία,Μινιατούρες,http://bullyshop.gr/sites/bullyshop.gr/files/images/products/bu075592.jpg
BU075593,Καθιστός δράκος πράσινος,"5,85€",,Χαρακτήρες,Φαντασία,Μινιατούρες,http://bullyshop.gr/sites/bullyshop.gr/files/images/products/bu075593.jpg
BU075594,Καθιστός δράκος μπλε μεταλλικό,"5,85€",,Χαρακτήρες,Φαντασία,Μινιατούρες,http://bullyshop.gr/sites/bullyshop.gr/files/images/products/bu075594.jpg
BU075595,Καθιστός δράκος πορτοκαλί,"5,85€",,Χαρακτήρες,Φαντασία,Μινιατούρες,http://bullyshop.gr/sites/bullyshop.gr/files/images/products/bu075595.jpg
BU075596,Δράκος με δύο κεφάλια πράσινος,"6,50€",,Χαρακτήρες,Φαντασία,Μινιατούρες,http://bullyshop.gr/sites/bullyshop.gr/files/images/products/bu075596.jpg
BU075597,Δράκος με δύο κεφάλια μαύρος,"6,50€",,Χαρακτήρες,Φαντασία,Μινιατούρες,http://bullyshop.gr/sites/bullyshop.gr/files/images/products/bu075597.jpg
BU075598,Δράκος με δύο κεφάλια πορτοκαλί,"6,50€",,Χαρακτήρες,Φαντασία,Μινιατούρες,http://bullyshop.gr/sites/bullyshop.gr/files/images/products/bu075598.jpg
BU075601,Ξωτικό πριγκήπισσα Miriel,"5,20€",,Χαρακτήρες,Φαντασία,Μινιατούρες,http://bullyshop.gr/sites/bullyshop.gr/files/images/products/bu075601.jpg
BU075602,Μάγος Elarion,"5,20€",,Χαρακτήρες,Φαντασία,Μινιατούρες,http://bullyshop.gr/sites/bullyshop.gr/files/images/products/bu075602.jpg
BU075603,Ξωτικό Ethelind,"5,20€",,Χαρακτήρες,Φαντασία,Μινιατούρες,http://bullyshop.gr/sites/bullyshop.gr/files/images/products/bu075603.jpg
BU075651,Elf Tibana,"5,20€",,Χαρακτήρες,Φαντασία,Μινιατούρες,http://bullyshop.gr/sites/bullyshop.gr/files/images/products/bu075651.jpg
BU075654,Μινιατούρα μονόκερως καθιστός,"5,20€",Άμεσα διαθέσιμο,Χαρακτήρες,Φαντασία,Μινιατούρες,http://bullyshop.gr/sites/bullyshop.gr/files/images/products/bu075654.jpg
BU075655,Μινιατούρα μονόκερως,"5,85€",Άμεσα διαθέσιμο,Χαρακτήρες,Φαντασία,Μινιατούρες,http://bullyshop.gr/sites/bullyshop.gr/files/images/products/bu075655.jpg
BU075656,Μινιατούρα βασίλισσα ξωτικό Valaria,"5,85€",Άμεσα διαθέσιμο,Χαρακτήρες,Φαντασία,Μινιατούρες,http://bullyshop.gr/sites/bullyshop.gr/files/images/products/bu075656.jpg
BU075657,Μινιατούρα Pegasus 12εκ,"5,85€",Άμεσα διαθέσιμο,Χαρακτήρες,Φαντασία,Μινιατούρες,http://bullyshop.gr/sites/bullyshop.gr/files/images/products/bu075657.jpg
BU075658,Μινιατούρα Pegasus πουλάρι,"4,30€",Άμεσα διαθέσιμο,Χαρακτήρες,Φαντασία,Μινιατούρες,http://bullyshop.gr/sites/bullyshop.gr/files/images/products/bu075658.jpg
BU075703,"Μινιατούρα ξωτικό ""Elf Siana""","5,20€",Άμεσα διαθέσιμο,Ήρωες,Φαντασία,Μινιατούρες,http://bullyshop.gr/sites/bullyshop.gr/files/images/products/bu075703.jpg
BU075704,Μινιατούρα Elf Floriel,"4,30€",Άμεσα διαθέσιμο,Ήρωες,Φαντασία,Μινιατούρες,http://bullyshop.gr/sites/bullyshop.gr/files/images/products/bu075704.jpg
BU075705,Μινιατούρα Elf Neladil,"5,85€",Άμεσα διαθέσιμο,Ήρωες,Φαντασία,Μινιατούρες,http://bullyshop.gr/sites/bullyshop.gr/files/images/products/bu075705.jpg
BU080001,Μινιατούρες αγγελάκια,"4,30€",Άμεσα διαθέσιμο,Χαρακτήρες,Φαντασία,Μινιατούρες,http://bullyshop.gr/sites/bullyshop.gr/files/images/products/bu080001.jpg
BU080020,Μινιατούρες διάφορα ζώα 240 φιγούρες,"1,21€",Άμεσα διαθέσιμο,Ζωϊκό Βασίλειο,,Μινιατούρες,http://bullyshop.gr/sites/bullyshop.gr/files/images/products/bu080020.jpg
BU080595,Τοτέμ στύλος (14 εκ.),"5,20€",,Χαρακτήρες,Άγρια Δύση,Σετ,http://bullyshop.gr/sites/bullyshop.gr/files/images/products/bu080595.jpg
BU080671,Cowboy με πιστόλι,"5,20€",,Χαρακτήρες,Άγρια Δύση,Μινιατούρες,http://bullyshop.gr/sites/bullyshop.gr/files/images/products/bu080671.jpg
BU080673,Cowboy με λάσσο,"5,20€",,Χαρακτήρες,Άγρια Δύση,Μινιατούρες,http://bullyshop.gr/sites/bullyshop.gr/files/images/products/bu080673.jpg
BU080674,Άλογο καφέ όρθιο,"5,20€",,Χαρακτήρες,Άγρια Δύση,Μινιατούρες,http://bullyshop.gr/sites/bullyshop.gr/files/images/products/bu080674.jpg
BU080675,Ινδιάνος με τόξο,"5,20€",,Χαρακτήρες,Άγρια Δύση,Μινιατούρες,http://bullyshop.gr/sites/bullyshop.gr/files/images/products/bu080675.jpg
BU080676,Ινδιάνος με τσεκούρι,"5,20€",,Χαρακτήρες,Άγρια Δύση,Μινιατούρες,http://bullyshop.gr/sites/bullyshop.gr/files/images/products/bu080676.jpg
BU080677,Ινδιάνος με κοντάρι,"5,20€",,Χαρακτήρες,Άγρια Δύση,Μινιατούρες,http://bullyshop.gr/sites/bullyshop.gr/files/images/products/bu080677.jpg
BU080678,Ινδιάνος με τουφέκι,"5,20€",,Χαρακτήρες,Άγρια Δύση,Μινιατούρες,http://bullyshop.gr/sites/bullyshop.gr/files/images/products/bu080678.jpg
BU080680,Ινδιάνος μάγος,"5,20€",,Χαρακτήρες,Άγρια Δύση,Μινιατούρες,http://bullyshop.gr/sites/bullyshop.gr/files/images/products/bu080680.jpg
BU080886,Τοξοβόλος κόκκινος,"5,85€",,Χαρακτήρες,Ιππότες,Μινιατούρες,http://bullyshop.gr/sites/bullyshop.gr/files/images/products/bu080886.jpg
BU080892,Πολεμιστής μπλε με σημαία πάνω σε άλογο,"12,19€",,Χαρακτήρες,Ιππότες,Μινιατούρες,http://bullyshop.gr/sites/bullyshop.gr/files/images/products/bu080892.jpg